sadness	Przygnębiony ciężarem sumienia, zawstydzony wzrok wlepił w ziemię.
surprise	— Ale, ale!...
sadness	Od wieków tak bardzo odosobieni, samotni, nie żyjąc z nikim, rodziną się tylko własną i sami sobą otaczając starczyli sobie, ani z sąsiadami, ani z tymi do których wypadki ich zbliżały nie zawiązując ściślejszych stosunków.
surprise	Nie wspomniał nic o warunkach, pod jakimi ochotnicy zgodzili się na tę naukę.
anticipation	Zapatrzyła się w rękę.
anticipation	Słucham was, panie von Bergow.
anticipation	— Nie zaraz odbędzie się tyle przeze mnie upragniona uroczystość.
anger	— Ach, gdyby wiedzieli — mówił z gniewem władca — jak faraon jest bezsilny i ubogi, każdy nomarcha zechciałby być panem swego nomesu!...
sadness	Śmiech jej krył wzruszenie, które mi sprawiło ból.
trust	— Będę się wpatrywał w plamy atramentowe... będę wiernie pilnował klejnotów!
fear	— Kto pan jesteś? czego tu chcesz?...
fear	— Bój się Boga, Senderl!
anticipation	— Ależ chcę wiedzieć...
anticipation	Padre Torquemada stał przy oknie zamyślony, na koniec odwrócił się i podszedł do stołu.
trust	Zrozumiałaś mnie.
anticipation	— Marku, a Drakecity?
neutral	Byłto młody chłopak z jasnemi włosy, skromnie, ale czysto odziany, wyglądający na leśniczego lub pisarza, z torbą myśliwską na plecach, w czarnych, długich po kolana butach, z harapnikiem przez plecy, w wiejskim kapeluszu słomianym na głowie.
surprise	Mówcie, którzy stąd jesteście: prawda-li to?
anticipation	Co?
anticipation	To pewnie i gazety pisze?
sadness	Innym znów razem, w dzień chłodny płukać musiała wraz z praczkami bieliznę nad brzegiem jeziora.
anger	Tyś go zabił — podchwycił sędzia.
anticipation	— zapytała.
anger	— mruknął stary ze złością i, nie skończywszy obiadu, wyszedł, a Janka była w takiem usposobieniu, że aby mu zrobić więcej przykrości, kazała koniom czekać przed dworem całe dwie godziny, i z pewną przyjemnością widziała, że stary kilka razy wyglądał z oficyny na podjazd, klął głośno na marnowanie czasu i na jaśnie państwo, i, nie mogąc wkońcu wytrzymać, krzyknął na stangreta:
disgust	Wolałby jednak pozostać w domu i czytać tę książkę, niżeli iść na wieczór do baronowej, gdzie nie znajdzie najpewniej nic nowego, ani szczególnie przyjemnego.
sadness	Nadeszła chwila, że tłumione łkanie wstrząsnęło te rycerskie piersi.
fear	Oto szczepienie będzie spóźnione, oto profesor będzie umierał w najstraszliwszych, w najdzikszych męczarniach.
joy	Nie znam w istocie szczęśliwszego małżeństwa.
joy	Oswald w jego wieku znał się nawet na zegarze słonecznym.
sadness	Mąż zabity, syn uległ wypadkowi, córka pod ziemią, może już martwa, a w dodatku chory starzec, dziecko okaleczałe skutkiem wypadku i wreszcie córka zmarła z głodu podczas strajku.
anticipation	Dowiedź tego!
sadness	Wyrwał ze złoconych ram portret matki i zwinął go; w złotych ramach pozostała czarna pustka.
anticipation	Kanclerz państwa i inni dopraszali się, aby Władysław niezwłócząc udał się do Szegedynu, gdzie posłowie tureccy przybyć mieli.
anger	— Słuchaj — rzekł zniecierpliwiony tem do Fotofera, przybyłego w odwiedziny jednego poranku, jak to może być żebym ja się dał temu Włochowi pokonać i odszedł z niczem.
surprise	Pierwszy raz to we wsi czy co!
disgust	Ciało: to szatan, to złość, to niedoskonałość, zgnilizna i robactwo; duch jedyną prawdą.
surprise	— Przysięgam, że tego po tobie się nie spodziewałem.
sadness	Tak nad niemi pochyloną z boku schwyciła pantera, drasnęła ją ledwie, i piękna jej główka jak zwiędły kwiat pochyliła się blada, prawie bez śmiertelnego wysiłku...
anger	Nie!
surprise	— Aa?!...
neutral	Historja wahającego się oblubieńca i zerwanego małżeństwa może temu odpowiadać, jak recenzja rozsądnego dziennikarza może dać treść sztuki Ibsena.
anticipation	— Czy powiedział coś?
anger	Z przyjemnością rzuciłabym mu wprost w twarz, że Halszka go nienawidzi.
anger	— Idź do diabła!
sadness	Znów siedział w milczeniu, strasznie tęsknym wzrokiem patrząc w dal, jakby szukając tej zmarnowanej okazji odznaczenia się; rozwarte nozdrza zdawały się chwytać upajającą woń tej zmarnowanej sposobności.
neutral	— Już go raz słyszałem.
neutral	Mnie zaraz powiedziała, jako było.
neutral	Po nabożeństwie odbyło się zebranie rady kościelnej.
joy	— ozwał się Kim, parskając śmiechem, a oczy mu się zaświeciły.
fear	Na miły Bóg, bądź ostrożna!
sadness	I sam ten człowiek, gdyby nawet był wolny, nie byłby zdolny do poważnego przywiązania, gdy ona — czuła to dobrze — potrafiłaby w życiu kochać tylko raz.
neutral	— Nie wiem, panie dyrektorze.
anticipation	— Gotów nieboszczyk?...
anger	Puść mnie, wolnym chcę być!
sadness	— Bóg widzi, że moja hardość została za bramą tutejszą.
anticipation	Weźcie mnie z sobą.
sadness	Lampka żółtym cieniem spowija izbę suteryny, jej ubogie sprzęty i znużone świętem twarze mieszkańców.
fear	A kiedy wyszła z pierwszego osłupienia, gdy jeden rok i drugi minął głucho, czuła niepokój w głębi piersi, jakby trzepotanie źle związanych skrzydeł.
anger	— Och, daj spokój!
neutral	— panem dziedzicem Nawłoci z przyległościami.
sadness	—... Odszedłeś od nas — wołały płaczki — nie ma cię, panie... osierociłeś nas biednych...
joy	Anna ocknęła się, wzruszona serdecznością Franciszka.
joy	Mason aż pozieleniał z radości.
anticipation	— Domyślałam się — powiedziała — że na coś się zanosi, chociaż Sämund nic mi nie powiedział.
trust	Gdybym miał ciebie tego dnia, licytowałbym wyżej i utrzymałbym się przy kupnie.
surprise	— Nie wiedziałem, że się interesujesz zoologią.
neutral	Pojadę do Szczytna.
neutral	Bernard obojętnie podniósł ramiona.
trust	— Co komu Pan Bóg przeznaczył, to go i tak nie minie — odparł Litwin.
sadness	Teraz dopiero z setek i tysięcy szczegółów układałem w sobie obraz zmarłej, ów obraz, który mi wszędzie towarzyszy.
fear	I przerażona czuje, że serce jej tłuc się zaczyna jak ptak w klatce.
surprise	— Skąd tak idziesz?
trust	Bogu polecam moje dzieci!
sadness	Może życie niczego więcej nie warte!
surprise	— A nie chceszli wyspowiadać się przed drogą?
joy	I widząc, że ciotka naprawdę nie wie, co znaczy piszczyk, aby mieć przyjemność okazania, że jest w równym stopniu wykształcona jak purystka, i aby zadrwić z ciotki, zadrwiwszy poprzednio z pani de Cambremer, rzekła na wpół ze śmiechem, powściąganym przez resztki udanego złego humoru:
disgust	Lekkie szyderstwo brzmiało w jego głosie.
anger	Niechże się ów komtur przekona, że nie twoja zapalczywość, ale nasze prawa karzą śmiercią za porwanie się na osobę posła.
surprise	Czy to miał być protest?
anticipation	Staś przyszedł do pokoju zawiadowcy i czekał, bo Orłowski chodził wzdłuż pokoju, spoglądał w dwa okna peronu, to przez okienko kasowe, wychodzące na korytarz, wychylał głowę i nasłuchiwał.
anger	— Utaił by się przed innemi, nie przedemną!
sadness	Bito nas nie patrząc gdzie.
joy	— Ach, dobrze, żem se spomniał!
anger	— Po cóż ja ciebie urodziiiłam!...
surprise	Nie?
anticipation	— Więc zrobi pani, o co prosiłem?...
surprise	— spytał Harvey, nie mogąc jeszcze sobie uprzytomnić, że jego życie było najzupełniej bezpieczne.
surprise	— Ale jak ty zrozumiesz tę ich mowę?
anticipation	— Cóż będziesz robił po obiedzie?
disgust	Dał Maciuś dzieciom prawa i patrzcie, co zrobiły.
fear	A wtem na krańcach, gdzie niebo zdawało się stykać z ziemią i rozciągały się mgły sinawe, w tych mgłach właśnie zamajaczało coś i poczęło się poruszać, wypełzały jakieś kształty, z początku mętne, które zwierając się stopniowo, stawały się coraz wyraźniejsze.
neutral	— wołał Pantera.
joy	Nareszcie otwarły się drzwiczki do numeru Płazy-Spławskiego, nareszcie światło...
neutral	W Dobromilu, na etapie w kancelarii, zapisywano wszystkich jeńców jednego po drugim, co odbywało się nie bez trudu, ponieważ wśród wszystkich trzystu jeńców, spędzonych do Dobromila z różnych stron, nie było ani jednego, który rozumiałby mowę rosyjską sierżanta siedzącego za stołem i pełniącego obowiązki tłumacza we Wschodniej Galicji, bo twierdził o sobie, że język rosyjski zna.
surprise	— Zwaryowałeś?
anticipation	Dołożycie starań, aby wcisnąć się do rozmównicy jakiegoś klasztoru; ploteczki tych pustelnic nie będą dla nas bez pożytku.
surprise	— Jak to?
surprise	Rózia postrzegła tylko mundur i przelękła się, sądząc że w mieszkaniu Juljana robić będą rewizyą, ale w chwili gdy ta myśl po jéj główce przebiegła, poznała w zbliżającym się kniazia z bukietem w ręku i pudełkiem cukierków.
neutral	Tak rozmawiając, zbliżyli się do Krakowa.
surprise	Czy kto uwierzy, iż są takie domy?
surprise	Jest pełna!
anticipation	Rozkazał pracować i ochraniać od złego ile w mej mocy i oddać temu tylko, kto, oprócz urzędowej legitymacyi, przyniesie mi znak umówiony z przyjacielem.
anticipation	Podróżny podjechał bliżej, a na orszak skinął, dając znak, żeby na niego zaczekał.
disgust	Słowo Niemca to fałsz...
surprise	— A to, synku, zapomniałeś, że ci przybył jeszcze jeden obowiązek?
fear	Ale gdy tak mówiła, drwiące jej oczy lśniły tak żywo, że książę nie mógł ich znieść; spojrzał na sufit, co było u niego ostatecznym znakiem krańcowego zakłopotania.
anticipation	Wielki, choć z całej siły tłumiony gwałt pożądania był w tych prośbach...
surprise	Czyż pan nie wie, że przynajmniej raz na miesiąc Jagoda podaje się do dymisji.
disgust	— Wcale nie samotnych.
joy	— Mój ojcze!
sadness	Wokulski czuł, że ten mrok, żal i smutek wypływał z jego serca i że to wszystko zakończy się chyba z życiem, jeżeli się zakończy...
trust	Komu jest dobrze, temu się widzi, że wszystko się dzieje na świecie, jak przynależy, jak Pan Bóg przykazał!
surprise	W pierwszej chwili sądziłem, że to intryga miłosna.
anticipation	— spytałem go, kiedyśmy wyszli na ganek, — nie mając już siły powstrzymać tych słów, co od godziny prawie paliły mi wargi.
anticipation	— Jutro, lub dziś nawet.
fear	A jak okaże się, że komitet zbyt pośpiesznie wydał rozkaz egzekucji?
disgust	— Potworny jest — rzekła.
disgust	Doprawdy, nadto jest pewny siebie.
sadness	Na mnie spada cała ich złość dlatego, że ja was bronię z narażeniem moich dóbr w Neapolitańskiem, siebie...
anticipation	Postrzegłszy to, pan Michał pociągnął wszystkich ze sobą do bramy, aby się wjeżdżającym przypatrywać.
trust	No, a cmentarz! widzicie, że mi nic nie zaszkodził, to i wam przy mnie nicby się nie stało...
disgust	Jeszcze tak nie jest, ale on z dniem każdym jest tłuściejszy.
anger	Chce podobać się Solskiemu, a bałamuci innych!
joy	Jaka ta Laura szczęśliwa ze swoim wiecznym spokojem!
anticipation	Przez ustalenie jego tożsamości można będzie wykryć, z kim oskarżony miał do czynienia, a także będzie można poznać jego współwinnych.
sadness	Chybaż on się powiesi — ów Bohun — ale już jemu czarownica przepowiadała, że on tej, o której myśli, nigdy nie dostanie i że Lach ją posiędzie, a ten Lach to pewnie jegomość.
joy	Za każdym razem, kiedy chodziłem się odlać za te lipy na końcu ogrodu, dusza moja czuła się odświeżona widokiem tych przyjaciół.
neutral	Rejentka lekko skinęła głową i rzekła do Ajdara:
neutral	A wtedy ojciec mój powtórzył:
fear	Suknia, kapelusz, okrywka i parasolka, wszystko musi być nowe, a tu tak niewiele czasu i nie tylko nic nie zamówione, ale nawet nie wybrane!...
anticipation	— Wiesz, dziecko, że ojciec sam chce mówić z panem...
anticipation	— Staram się wejść w położenie tego przemysłowca.
trust	Godzę się z losem.
anticipation	Gdyby ów młody człowiek zjawił się za naszych szczęśliwych dni, gdyby przyniósł Brygidzie jakiś obojętny list, czyż byłbym nań zwrócił jaką bądź uwagę?
joy	W tej chwili pani Flora przystąpiła do nich, śmiejąc się na całe swoje puszyste gardziołko.
anticipation	Uklękła i pociągnęła go, aby uczynił to samo.
neutral	Zawiadowca, skoro tylko mu tamten zniknął z oczu powrócił do kancelaryi i zajął się załatwianiem urzędowych korespondencyi.
surprise	Aż się biali królowie sami przestraszyli, że za dużo zabiją.
anticipation	Ależ on tu nie próżnuje, więc jeszcze idzie naprzód.
joy	Zdumiony tym niezwykłym objawem uczucia, spojrzał na nią namiętnie; przy śniadaniu wydała mu się bardzo ładna; mimo że miał spuszczone oczy, cały czas rozbierał w myśli jej wdzięki.
neutral	Podeszła do Morela.
joy	— Ot, tu jest na to lekarstwo!
sadness	Petrek głowę spuścił, nie mówił nic.
anticipation	— Halo, dziewczynko!
sadness	W izbach, przez które przechodzili, cisza panowała i smutny mrok wieczora je zalegał.
anticipation	— Panu Braunowi kazałam, by zaraz mi wszystko donosił.
fear	Strasznie chciało mu się jechać, ale zlazł jak niepyszny i ponieważ mrok już zapadał, poszedł za ogrody odmówić wieczorne pacierze, ale mógł się to zebrać w sobie, kiedy jakaś dzieuszyna piesneczka dzwoniła gdzieś niedaleko i baby rajcowały w jakimś sadzie, że każde słowo leciało po rosie, i wrzeszczały dzieci kąpiące się w stawie, kajś znów śmiechy się zatrzęsły, to ryki krów, to księże perliczki darły się przenikliwie i cała wieś huczała przeróżnymi pogłosami niby ten ul rozbrzęczany, że cięgiem mu się myliło, a gdy nareszcie uchwycił wątek i przyklęknąwszy pod żytem wtopił rozmodlone oczy w to niebo rozgwiażdżone i poniósł duszę kajś w zaświaty, buchnęły od wsi takie przeraźliwe krzyki, lamenta i przeklinania, że poleciał ku domowi wystraszony wielce i niespokojny.
anger	— zawoła Don Kichot — tu nie czas na żarty, na wszystko jest właściwa pora; teraz nie pora na żarty.
disgust	Bodajeś nigdy matką nie była!
anger	Wziął na stronę przyjaciela, i rzekł mu: — Pani Ru ma złe serce!
anticipation	— Niech pan zaatakuje pierwszy południk.
fear	Nie mógł mnie przecie nikt zobaczyć w tych łachmanach.
joy	Mówiła to śpiewnie, z dziwnym upojeniem w głosie, który zdawał się wzbierać i drżeć, jakby chciał więcej powiedzieć, niż te proste słowa wyrażały.
joy	Cicho, sekretnie pochwalała tę rozpustę nocną, która nareszcie jej duszę uzdrowiła, wyzwoliła, oblała zimną rosą spokoju.
anger	— A nie obłaskawię, bo i ten będzie jeszcze mój, niech się jeno ciepło zrobi, to już umyśliłem taki sposób na niego, że nie wytrzyma na plebanii, a przyleci!
fear	Zasypywano pociskami zamek, zasypywano miasto, wszystkie bramy, wszystkie baszty.
anticipation	— dodał, ja z Neorżą moim powoli sobie radę dam.. jam nie wieczny, ani on...
fear	— Ja dawniej wiszę — szepnął cicho Andrzej, z jakimś ledwie odczutym akcentem bólu, i twarz mu pobladła, ale oczy natychmiast rozbłysły dawną energją wytrwania i uporu.
sadness	Ból jego serdeczny coraz bardziej ginął pod uczuciem wstydu, upokorzenia, zranionej miłości własnej.
sadness	Nie sposób było pisać ni jeść porządnie, słowem sto razy w ciągu dnia brakowało mi tych przedmiotów.
disgust	— Wracajcie skądeście przyszli.
sadness	Nie miał nikogo, z kim mógłby, lub chciał podzielić się myślami.
sadness	Ale zapomniałam o biednych w Sacca!
joy	O prześlicznie, panie O’Haro!
surprise	— O!
surprise	Nagle zadzwoniło, zawirowało.
surprise	Nie powiadano ci jeszcze?
fear	Grzmoty zgłuszyły strzelaninę i zataczając się kołem, dudniąc, hucząc, budziły straszne echo w skałach.
neutral	Toteż wkrótce w wyznaczonym miejscu stanęła walcowata budka, jakby pieprzniczka, nakryta szpiczastym dachem.
fear	— bełkotał przestraszony, bo Antek puścił kosę i szedł ku niemu blady, ze strasznymi oczami.
trust	— W jego ręku teraz zbawienie ojczyzny, a że gotów za nią życie oddać, niech mu Bóg błogosławi.
joy	Radość i zapał błysły w oczach Edmunda i złotnik się oddalił, pozostawiając swego młodego przyjaciela w najrozkoszniejszych oczekiwaniach.
sadness	Przekazywali sobie osobliwe wieści o pogrzebie wielkiego chana.
surprise	Ze zdumieniem spostrzegła, że służba zapala nad stołami lampy ze światłem skoncentrowanym.
joy	— Jesteś dobry i wielki, mój panie — rzekła Hayde, całując dłoń hrabiego — jestem szczęśliwa, że należę do ciebie.
sadness	— Istny potop — szepnął po chwili, a opierając czoło o szybę, dodał — Ciemno choć oko wykol.
sadness	Dlatego gdy tamte szczęśliwe... ja umieram z upokorzenia, z tęsknoty, ze wstydu.
joy	Winszuję panu, panie Murek.
surprise	Nigdy jeszcze nie widziałam człowieka w takim stanie.
neutral	Jedno na pierwszym piętrze za sto franków dziennie, drugie na trzecim za dziesięć franków.
anger	— Od chwili gdy zostałeś panem Egiptu, zbrodniarzami są ci, którzy ośmielają się widywać ciebie i nie zdawać sprawy z tego, o czym raczysz mówić...
neutral	Sadownik Zajmweł odwiózł do domu zmiętą czerwoną pościel i ostatni wózek zimowych jabłek.
neutral	Otworzyłem „ Le Figaro ”.
anticipation	Wyczekawszy jeszcze chwilę, puknął leciuchno w ten sam sposób.
joy	Dziewczynka też, którą Jan naparł się wziąć od matki, mileńka była, wesoleńka i zawczasu już porządek w chacie robić zaczęła, a i bratowa, choć płocha i w romansach niepowściągniona, dzieci swoje często nawiedzała i jego doglądała, wesołą swoją gadatliwością babską śmiesząc czasem i rozrywając.
neutral	— pytał karczmarza Zagłoba.
anger	— Ośle głupi!
anticipation	— Chciałbym, aby byli przy tym Albert de Morcerf i Raul de Château-Renaud; wiesz pan, że prosiłem ich już na świadków.
surprise	Gdy Otocki podjechał na Smolną do „ Sygnałów ”, okazało się, że partyjne zebranie jeszcze się nie skończyło.
anger	— Wykup!
surprise	Gedymin zwrócił wę nagle ku niemu.
joy	Młody książę przybywał bardzo wcześnie na miłe wieczory matki, która powtarzała mu ciągle:
joy	Mimika, gesty, w połączeniu z częstymi zmianami głosu, jakimi Bixiou malował swoje figury, musiały być doskonałe, bo trzej słuchacze wydawali bezwiednie krzyki uznania oraz pomruki radości.
anger	Nie gadajcie tyle, mówie, za dużo tej gadaniny: dobra kosa dla łąki, dobra bedzie i dla żyta.
trust	— Zostań pani!... sprawi mi to prawdziwą ulgę pomówić z osobą, obcą jeszcze temu światu kłamstwa i pustoty!
anger	Ale chyba nie byłbym Rynaldem Montalban, żebym mu tego wszystkiego, mimo jego czarów, drogo nie zapłacił, jak tylko z łoża się zdźwignę.
trust	Widzisz, że wszystko tak urządziłam, żeby twój portret nie był skończony i żebyś mógł przyjechać do Przytułowa.
trust	Tak w niej znać było, że ona oddaje mu się z biciem serca, ale zarazem z ufnością, że oddaje mu serce, duszę i całą istotę, całe życie, i to nietylko na dobre, ale na każde chwile życia — i aż do końca życia, że pod tym względem żaden cień nie powstał w umyśle Połanieckiego, a ta pewność uczyniła go w tej chwili lepszym, tkliwszym i wymowniejszym, niż bywał zwykle.
anger	— Do stu diabłów, są inne środki okazywania miłości, niż Homer.
surprise	— Oho!
anticipation	Jednego dnia siostrzenice pani de Montcertin pytały ją, co to jest miłość.
sadness	Ogólnie wiedziano, że w młodości przeżyła dramat, bo jej narzeczony zginął na froncie w 1920 roku i od tego czasu ani na dzień jeden nie zdjęła po nim żałoby.
anticipation	Spodziewałam się, że go dostaniemy.
disgust	Pożyczać u ludzi?
surprise	— spytał niespodzianie.
disgust	— Nieruchome spojrzenie Ricarda zbiło go z tropu i dodał zmieszanym tonem: — Mówię, że to pospolity, marny złodziej bez żadnego znaczenia.
fear	Ale jeżeli mimo wszystko nie zdołam zajść do Niego?
joy	Szwentas ściskał go i całował.
anger	— Nie.
anger	Co znowu?
fear	— A jeśli pomyłką jest to wszystko?
anger	— Na to się mu podcina skrzydła!
anger	Ale nie mogąc się ognać zbereźnikom, które jako te wróble obsiadały sztachety, a śmielsze nawet już pod okna się przebierały, to jeno przygrażał księżym cybuchem a wyklinał.
anticipation	Niebo, które zatrzymało nas tutaj i zesłało niepogodę umyślnie po to, abyś pan usłyszał historię moich amorów, czegóż znów teraz sobie życzy? ”.
sadness	— Przychodzi do siebie — powiedziałem — ale bardzo osłabiony.
joy	Spotkali się oczami.
joy	Nie przeszkodziło to jednak przyjaciołom utrzymywać dalsze serdeczne stosunki.
surprise	Ja, znając pułkownika, byłam również pewna, że nie zainteresuje go bliżej ta kwestia.
joy	— Nawrócony!... nawrócony faraon!...
fear	Emil czuł, że się dusi.
surprise	Nie wiedzieć dlaczego, to, co innym wydawało się pochlebne i zaszczytne, ją drażniło i obrażało.
joy	A jakie z niej porządne i uczciwe dziewczynisko!
surprise	Z trudem mu go wydarliśmy, a gdy ujrzał go w naszych rękach, był zdumiony.
sadness	Ona chciałaby pozostać przy swojej mamie, ale jakże to uczynić, jeżeli mama tego nie chce?...
anticipation	— Czekać wystrzału.
fear	Pełno krwi na was...
anger	Miłosierny Bóg niechaj uczyni to, aby wrogowie nasi utonęli we własnej krwi z ran, które wy im zadacie! ”
anger	Nie zawojujecie tych ziem!
surprise	— Kto taki?
anticipation	— A tyś co robił, jak go nie było?
anger	Beetle, bierz go!
surprise	— Czy nigdy się nie modliłaś w życiu?
surprise	— Procą?
surprise	— Ależ nie miałeś strzelby z sobą?
disgust	— Nie przystoi to mojej czci szlacheckiej.
joy	Pochwal się, że jesteś.
anger	Nienawidzę tego okrutnego rygoru i żelaznej logiki tych ludzi, którzy pojedyncze osoby czynią odpowiedzialnymi za losy narodów! ”
joy	— dokończył powstrzymując śmiech knecht.
joy	A oni krzyczą: „ Niech żyje ulica, niech żyje Pupek! ”.
joy	Za piękną Greczynką, która jechała znużona do kąpieli, gryząc w ustach zwiędły kwiatek, biegli konno na desultorskich rumakach, młodzi synowie rycerzy, upojeni wonią, winem i śpiewami, śpiesząc do Ganeów pompejańskich, na miłosne schadzki z ulubienicami...
anger	Oto sprzykrzyły mi się twoje posądzenia, nie w smak i to, że na mnie ustawnie brwi marszczysz i surowie spoglądasz...
neutral	— Opisuję ci pusty kraj w Północnej Ameryce, nazywany Parkiem Narodowym.
joy	Monte Christo uśmiechnął się.
surprise	Teraz ledwo–ledwo rozumiem, że się to ze mną zdarzyło.
joy	Wszyscy uniesieni szczytnym krajobrazem byli niezdolni sformułować tych wrażeń, jakich doznawali.
anger	Ty napchana jesteś trocinami — i może ci z tym dobrze.
anger	— Nigdy!
joy	W minutę później ciocia Gabriela była już zdrowa.
neutral	Na wieżach Panny Marii biły dzwony, napełniając miasto spiżowym dźwiękiem i płosząc stada kawek i gołębi.
anger	Tu nie o łowach myśleć trzeba!
anger	— Nie zapomniałam cię, drapichruście!
surprise	Z kolei Plersch, słuchając, niemal osłupiał.
joy	Jaka mama będzie szczęśliwa, żeśmy się spotkali! ” Było mi równie pilno dowiedzieć się jej nazwiska, jak jej ujrzeć że się kłaniam wreszcie ze świadomością rzeczy i że jej uśmiech, wytrzymywany bez końca niby nuta gis, może się wreszcie skończyć.
joy	Rozweseliły mnie nieco dawno znane, rzęsiście oświetlone magazyny i sklepy i z lżejszym już sercem wysiadałem przy Gray’s Inn.
anticipation	— Jeszcze, jeszcze trochę!
anger	Głupi człowiecze! głupi!
anticipation	Masz pan dla mnie może trochę złota za moje talary?
anger	Czy tego nie widzisz?
surprise	Wówczas pojął, że go oszukano.
anger	— Powiadam paniczkom, Sodoma, Gomora, a jakże!
disgust	Twarz jego i broda były bladożółte, a ręce i odzienie zawalane bezecnym plugastwem.
disgust	Prawdziwe paskudztwo.
anger	— No bo co?.. zbijesz mnie, wyrzucisz na śmieci, nie dasz jeść?..
surprise	— Cóż takiego? co? na Boga! podnosząc się z siedzenia odezwała się wylękła Dobkowa.
surprise	To dziwne, przecież minął już tydzień.
joy	Z dumą spoglądać nań mogła młoda pani.
surprise	— Co?
joy	Delikatny wietrzyk hasał po pokoju.
surprise	Mój Boże.
trust	Serce jego szerokie.
neutral	Wtedy też do izby wsunęła się Franka i, jak widmo cicha, przesunąwszy się pod ścianą, w kącie na ziemi usiadła.
trust	Ten dobry ojciec Morlon miał wielki wpływ na moją inteligencję; miał Szekspira w przekładzie pana Letourneur; bratanek jego pożyczał dla mnie kolejno wszystkie tomy tego dzieła, obszernego jak dla dziecka, osiemnaście czy dwadzieścia tomów.
disgust	— Ee... ja by go nie tak zrobił...
trust	To jest szczera prawda.
anger	— O co ci tedy chodzi?
surprise	Lecz ona porwała się z krzesła.
sadness	Na fotelu, pod którym zaskrzypiała podłoga, siedziała margrabina Crescenzi, której oczy napełnione łzami spotkały się wprost z oczami Fabrycego, również w nielepszym stanie.
joy	— zawołał Tomek uradowany i pomyślał z niejakim zadowoleniem:
anticipation	Naprawdę, wielką bym miał ochotę ubrać Formińskiego w kos­tium Iksa, a dla redaktora Panoramy Tygodnia.
disgust	To wstyd!
sadness	Dwaj przepadli bez śladu...
trust	Bóg mu to dał, bo zasłużył; złota była to dusza, wszystkich dobrych ludzi kochał serdecznie, a twarz to miał taką, jak aniołek.
anticipation	Cyrus Smith i jego towarzysze stali na szczycie góry przez blisko godzinę.
anger	Zacisnęła ręce.
joy	Rozbawiona Łucja śmiała się bez przymusu.
trust	Nie sprzeciwiała się.
anticipation	Przeciera oczy, poprawia włosy — zaraz do okna.
fear	Był mężczyzną, a czuł się bezsilnym w obec losu.
neutral	— odrzekli Kosma i Damian.
trust	Który chcesz — bierz.
neutral	Jeden zaprząg na samym końcu orszaku całkiem był nie przysypany.
surprise	— Znowu waha się pan?
anticipation	Lecz zanim je opowiem, chciałabym wiedzieć, czy w istocie między nami znajduje się najwspanialszy rycerz Don Kichot z Manchy i najznakomitszy jego giermek, Sancho Pansa?
trust	Dżek wybrał drogę najwłaściwszą.
anticipation	Może zapalisz cygaro?
anticipation	Jakże rozkosznie byłoby usłyszeć wyznanie jego prawdziwych uczuć!
anger	— Krew cię ujdzie!
joy	— To, to, mój oficerze!
anger	Nie każdy ma czarnych niewolników, książęce galerie, broń damasceńską, konie po sześć tysięcy franków, grecką kochankę!
trust	— To jest wielki przyjaciel Andrzeja i prawie nasz domownik.
trust	Od razu i niezłomnie uwierzyła w miłą sobie wiadomość, przyjęła ją nawet bez zdziwienia, jak coś, czego spodziewała się zawsze i co koniecznie stać się musiało.
surprise	Przecież bardzo długo mnie nie widziała.
surprise	— Dziwi się pani?
sadness	Dwa dni zimno trzęsie, kości bolą, że jęczysz, w głowie szumi, a kaszel, zdaje się, piersi rozrywa.
surprise	— A ty tu znowu, Brühl?
surprise	Młodzieniec stał zadumany u drzwi, gdy poczuł że go ktoś zlekka za suknię pociąga i odwróciwszy się ujrzał O. Maura, który z chóru go zobaczywszy, przybył powitać.
neutral	— rzekła.
anticipation	— A zwleczesz się?
neutral	De Polewkarum usu et honestate łykandi per Silvestrem Prieratem, Jacobinum.
trust	— Bógże ci zapłać, bo mi będzie starość lżejsza.
surprise	Kapitanowie, którzy wysiedli później na ląd, opowiadali o dziwacznej wyprawie nieznajomych i wypytywali, kim są ci dwaj antypatyczni wariaci, rozbijający się w szalupie za jakimś mężczyzną i jakąś kobietą i rozpowiadający historię, z której nic nie można było wyrozumieć.
joy	W pobliskim kościele klasztornym podziwiał na obrazach i relikwiarzach owe przecudne skamieniałe światła i pragnął bardzo w duszy, by doń przemówiły i wyznały mu tajnię swego pochodzenia.
fear	Następnie były tam i wizyty mniej przyjemne, rozeszła się bowiem wieść kilkakrotnie, że chciano kardynała zamordować.
anticipation	— Dlaczego?
sadness	Szedłem w owe straszliwe upały szukać cienia i trochę chłodu pod wielkimi kasztanami w Tuileriach. „ Skoro nie mogę zapomnieć, czy nie lepiej byłoby zabić się? ” — powiadałem sobie.
neutral	Do obiadu siadało osiemnaście osób, a w razie potrzeby i dwadzieścia mogłoby się pomieścić w sali jadalnej; ale z rana tylko siedmiu stałych mieszkańców schodziło się na śniadanie i wtedy można by pomyśleć, że to kółko rodzinne zasiada przy stole.
sadness	O je! jak boli!
neutral	Przed każdą stała miseczka z jarzynami, czarka z wodą, a obok leżała kromka chleba.
sadness	I wyrzekłszy się Marji, czuł taki żal, taką rozpacz po niej, że wracał jeszcze, mówił znowu — kocham Marję.
anger	Jać wam służę... a chcecie zbyć mnie psim swędem... niedoczekanie!
trust	— W domu ci je pokażę, kobieto — odpowie Sancho — trochę cierpliwości miej teraz, a za Bożą pomocą mam nadzieję, że ruszymy jeszcze raz na wyprawę i jak wrócę, zobaczysz mnie hrabią albo władcą wyspy, ale to wyspy co się nazywa, wyspy porządnej, lądowej, nie takiej tam, co to tuzinami po morzu się walają.
joy	Przed jakimś Teniersem przywdziewał kaftan żołnierski lub siermięgę robotnika; pragnął nosić brudną i zadymioną czapkę Flamandów, zapijał się piwem, grał z nimi w karty i uśmiechał się do tęgiej wieśniaczki o soczystych kształtach.
anticipation	Przez cały obiad prawie się nie odzywał, tylko z chciwością chwytał ich spojrzenia i słowa, śledził uśmiechy, słuchał ze skupieniem, ale nie mógł złapać nic podejrzanego, bo w ich zachowaniu się była tylko wielka przyjacielska zażyłość, pełna szacunku i życzliwości.
surprise	— Doprawdy?
sadness	Stał nad rynsztokiem i zalewał się łzami, bo jakieś auto ochlapało go błotem.
neutral	Potem wędrowcy musieli piąć się stromą percią, zawianą śniegiem, biegnącą po upłazie Snipy, a dopiero poza tym rozpoczynała się jaka taka droga.
anger	Więc jest źle!
neutral	Przyjeżdżał do niego w odwiedziny każdego lata.
surprise	— Kto to?...
anticipation	— pytał dalej Kmicic.
neutral	Grzegorz podszedł do króla.
surprise	A ten malec czego się tu plącze?
trust	— Przyjedź znowu do nas niezadługo, Jakubie — rzekł leśniczy, ściskając mu serdecznie rękę — do nas, mówię, to znaczy i do mnie także.
surprise	„ Do licha, czyżbym ją obraził?...
surprise	— Cóż ja robię?...
disgust	Szczególną antypatią, nienawiścią, odrazą, wzgardą i drwinami Lulek darzył miejscową organizację socjalistyczną z odcieniem narodowym.
joy	Nie zapomnę nigdy wrażenia pierwszej pod gołym niebem spędzonej nocy.
surprise	— Na Boga!
joy	Uśmiechnął się i dodał:
anticipation	Co on ci mówił?
sadness	Było to posępne i tragiczne, i prawdziwe!
neutral	Na zasłonie była wyhaftowana złotem skrzydlata kula z dwoma wężami.
neutral	Takich jest miliony.
surprise	— Powinno się okazać polepszenie; co by to była za chorość?
neutral	Bardzo charakterystyczne, na wskroś typowe.
sadness	Szkoda, że mojej żony niema...
anger	— Tylko buntownicy nie spełnią rozkazów faraona — odparł Ramzes.
joy	— Dzięki Bogu.
anger	— I obu was się nie zlęknę! zaryczał Arnulf zrywając się z ławy.
sadness	Nieszczęśliwi mają pewne prawa... a ja, panie szanowny, jestem bardzo nieszczęśliwa.
joy	I ją poniesły radoście, że pobiegła naprzeciw i prawie pierwsza chłopów dopadła, a nikto do niej nie wyskoczył, nikto nie przytulił i nie całował.
surprise	Wszedł jako czwarty dependent do Derville’a, a był już drugim dependentem w 1819!
joy	Na trzecim piętrze zapukał do drzwi, przez które dolatywał wesoły śmiech i krzyki dzieci.
disgust	Mędrzec dążący do władzy winien snobizm ( w języku polskim kołtunizm, czyli kołtuństwo ) uczynić najistotniejszą częścią swego „ programu ”, dać kołtuństwu możność rozkwitu, nazwać kołtun najpiękniejszymi naukowymi nazwami i popierać go entuzjastycznie.
joy	— zawołał ten ostatni, pozwalając ocałowywać sobie policzki — twoja wieczerza, mój bracie, jest pyszną rzeczą na dzisiejszą zawieruchę!
surprise	— Więc to wszystko prawda — wyrzekła.
anger	— Czy mi nawet tego robić nie wolno!
sadness	Porozstawiane naczynia od herbaty i ciastka, dalej owa maszynka — wszystko zaczęło drobiazgami okrutnymi ranić jej serce.
surprise	A cóż się z nią stało?
surprise	Zdaje mi się, że oczy jéj w mgnieniu oka kilka razy zmieniły kolor: były i piwne, i ciemno-zielone, i czarne jak węgiel.
sadness	Jakkolwiek stłumione, płacz i jęki musiały znać dojść do uszu matki, która od drugiego pokoju drzwi uchyliła, naprzód powoli, a potem rzuciwszy niemi, nie patrząc na króla, do córki przypadła, tuląc ją ku sobie.
surprise	Jeszcze ci nie dosyć?
surprise	— Borynowy to dom, Macieja Boryny?
trust	Niech was Bóg prowadzi i odprowadza.
anger	— Wytłumacz to wyborcom!
trust	— Bądź pani spokojna — rzecze Don Kichot — nie powiem nic już więcej i nie wmieszam się do niczego, dopóki nie dopełnię swojej obietnicy.
joy	— Niech żyje Carlini!
surprise	— Co znaczy za kim?
disgust	Hoyma oburzała i treść jéj słów, a nadewszystko zimna krew, obojętność z jaką je wymawiała.
surprise	A o ilu ja rzeczach nie myślałem przed chwilą i o ilu nie myślę?
sadness	Zdało mi się, że nie mam co robić między nimi, biedny prostak, i już nawet nie patrząc na nich, chcę ich minąć i iść dalej w las, kiedy słyszę, jak jeden z nich woła:
neutral	Przede wszystkim zrobiłem sobie stożkowate nakrycie głowy z długowłosej skóry lamy, nie przepuszczającej deszczu.
neutral	Gospoda na gościńcu pod lasem stała w miejscu kędy przejazd był znaczny do Poznania.
disgust	Brwi zrośnięte nad nosem oszpeconym ospą.
joy	Komendant roześmiał się.
neutral	— spytał.
surprise	Nagle wśród chwilowej ciszy zza drzwi gabinetu doleciał podniesiony głos Dyzmy:
trust	Dyzma przyznał pułkownikowi rację.
surprise	Przy samej bramie Agnieszka spostrzegła, że zostawiła u doktora koszyczek od roboty.
neutral	Szczur zarzucił lejce na grzbiet konia, związał je i ujął szkapę przy pysku.
sadness	— Straciłem tam syna...
joy	Rad był z wyjazdu Kmicica.
neutral	Takich generałów miała Austria bardzo wielu.
anger	Mów!
surprise	— Nie skarżę się na was, broń Boże!
surprise	Dla niego było to coś niepojętego, co go więcej dziwiło niż nęciło — studyum teratologiczne.
joy	Ho, ho, idźże do Poświcia, i szczęść ci, Boże!
neutral	„ Kopernik ”.
neutral	— myślał Winicjusz.
surprise	Instynktowi życia samego już nieufny?
joy	Pomimo całej biedy, jaka nawiedziła dżunglę, zwierzęta — nie wyłączając Hathiego — nie mogły powstrzymać się od rzęsistego śmiechu, posłyszawszy te słowa.
surprise	— Za co mieliby nas upominać?
neutral	Na nogach ciżemki żółte.
anger	— Ty głupi jesteś!
neutral	—
neutral	Własne to twoje oblicze na chropowatym i niedoskonałym zwierciadle.
neutral	﻿Pewnej nocy, patrolując po mieście, schwytałem młodą panienkę nadzwyczaj piękną, przebraną za chłopca i jej brata, przebranego za dziewczynę.
