0.88096	0.292622	0.845726	0.661244	joy	sadness	Przygnębiony ciężarem sumienia, zawstydzony wzrok wlepił w ziemię.
0.88096	0.292622	0.845726	0.661244	joy	surprise	— Ale, ale!...
0.88096	0.292622	0.845726	0.661244	joy	sadness	Od wieków tak bardzo odosobieni, samotni, nie żyjąc z nikim, rodziną się tylko własną i sami sobą otaczając starczyli sobie, ani z sąsiadami, ani z tymi do których wypadki ich zbliżały nie zawiązując ściślejszych stosunków.
0.88096	0.292622	0.845726	0.661244	joy	surprise	Nie wspomniał nic o warunkach, pod jakimi ochotnicy zgodzili się na tę naukę.
0.88096	0.292622	0.845726	0.661244	joy	anticipation	Zapatrzyła się w rękę.
0.88096	0.292622	0.845726	0.661244	joy	anticipation	Słucham was, panie von Bergow.
0.88096	0.292622	0.845726	0.661244	joy	anticipation	— Nie zaraz odbędzie się tyle przeze mnie upragniona uroczystość.
0.88096	0.292622	0.845726	0.661244	joy	anger	— Ach, gdyby wiedzieli — mówił z gniewem władca — jak faraon jest bezsilny i ubogi, każdy nomarcha zechciałby być panem swego nomesu!...
0.88096	0.292622	0.845726	0.661244	joy	sadness	Śmiech jej krył wzruszenie, które mi sprawiło ból.
0.88096	0.292622	0.845726	0.661244	joy	trust	— Będę się wpatrywał w plamy atramentowe... będę wiernie pilnował klejnotów!
0.88096	0.292622	0.845726	0.661244	joy	fear	— Kto pan jesteś? czego tu chcesz?...
0.88096	0.292622	0.845726	0.661244	joy	fear	— Bój się Boga, Senderl!
0.88096	0.292622	0.845726	0.661244	joy	anticipation	— Ależ chcę wiedzieć...
0.88096	0.292622	0.845726	0.661244	joy	anticipation	Padre Torquemada stał przy oknie zamyślony, na koniec odwrócił się i podszedł do stołu.
0.88096	0.292622	0.845726	0.661244	joy	trust	Zrozumiałaś mnie.
0.88096	0.292622	0.845726	0.661244	joy	anticipation	— Marku, a Drakecity?
0.88096	0.292622	0.845726	0.661244	joy	neutral	Byłto młody chłopak z jasnemi włosy, skromnie, ale czysto odziany, wyglądający na leśniczego lub pisarza, z torbą myśliwską na plecach, w czarnych, długich po kolana butach, z harapnikiem przez plecy, w wiejskim kapeluszu słomianym na głowie.
0.88096	0.292622	0.845726	0.661244	joy	surprise	Mówcie, którzy stąd jesteście: prawda-li to?
0.88096	0.292622	0.845726	0.661244	joy	anticipation	Co?
0.88096	0.292622	0.845726	0.661244	joy	anticipation	To pewnie i gazety pisze?
0.88096	0.292622	0.845726	0.661244	joy	sadness	Innym znów razem, w dzień chłodny płukać musiała wraz z praczkami bieliznę nad brzegiem jeziora.
0.88096	0.292622	0.845726	0.661244	joy	anger	Tyś go zabił — podchwycił sędzia.
0.88096	0.292622	0.845726	0.661244	joy	anticipation	— zapytała.
0.88096	0.292622	0.845726	0.661244	joy	anger	— mruknął stary ze złością i, nie skończywszy obiadu, wyszedł, a Janka była w takiem usposobieniu, że aby mu zrobić więcej przykrości, kazała koniom czekać przed dworem całe dwie godziny, i z pewną przyjemnością widziała, że stary kilka razy wyglądał z oficyny na podjazd, klął głośno na marnowanie czasu i na jaśnie państwo, i, nie mogąc wkońcu wytrzymać, krzyknął na stangreta:
0.88096	0.292622	0.845726	0.661244	joy	disgust	Wolałby jednak pozostać w domu i czytać tę książkę, niżeli iść na wieczór do baronowej, gdzie nie znajdzie najpewniej nic nowego, ani szczególnie przyjemnego.
0.88096	0.292622	0.845726	0.661244	joy	sadness	Nadeszła chwila, że tłumione łkanie wstrząsnęło te rycerskie piersi.
0.88096	0.292622	0.845726	0.661244	joy	fear	Oto szczepienie będzie spóźnione, oto profesor będzie umierał w najstraszliwszych, w najdzikszych męczarniach.
0.88096	0.292622	0.845726	0.661244	joy	joy	Nie znam w istocie szczęśliwszego małżeństwa.
0.88096	0.292622	0.845726	0.661244	joy	joy	Oswald w jego wieku znał się nawet na zegarze słonecznym.
0.88096	0.292622	0.845726	0.661244	joy	sadness	Mąż zabity, syn uległ wypadkowi, córka pod ziemią, może już martwa, a w dodatku chory starzec, dziecko okaleczałe skutkiem wypadku i wreszcie córka zmarła z głodu podczas strajku.
0.88096	0.292622	0.845726	0.661244	joy	anticipation	Dowiedź tego!
0.88096	0.292622	0.845726	0.661244	joy	sadness	Wyrwał ze złoconych ram portret matki i zwinął go; w złotych ramach pozostała czarna pustka.
0.88096	0.292622	0.845726	0.661244	joy	anticipation	Kanclerz państwa i inni dopraszali się, aby Władysław niezwłócząc udał się do Szegedynu, gdzie posłowie tureccy przybyć mieli.
0.88096	0.292622	0.845726	0.661244	joy	anger	— Słuchaj — rzekł zniecierpliwiony tem do Fotofera, przybyłego w odwiedziny jednego poranku, jak to może być żebym ja się dał temu Włochowi pokonać i odszedł z niczem.
0.88096	0.292622	0.845726	0.661244	joy	surprise	Pierwszy raz to we wsi czy co!
0.88096	0.292622	0.845726	0.661244	joy	disgust	Ciało: to szatan, to złość, to niedoskonałość, zgnilizna i robactwo; duch jedyną prawdą.
0.88096	0.292622	0.845726	0.661244	joy	surprise	— Przysięgam, że tego po tobie się nie spodziewałem.
0.88096	0.292622	0.845726	0.661244	joy	sadness	Tak nad niemi pochyloną z boku schwyciła pantera, drasnęła ją ledwie, i piękna jej główka jak zwiędły kwiat pochyliła się blada, prawie bez śmiertelnego wysiłku...
0.88096	0.292622	0.845726	0.661244	joy	anger	Nie!
0.88096	0.292622	0.845726	0.661244	joy	surprise	— Aa?!...
0.88096	0.292622	0.845726	0.661244	joy	neutral	Historja wahającego się oblubieńca i zerwanego małżeństwa może temu odpowiadać, jak recenzja rozsądnego dziennikarza może dać treść sztuki Ibsena.
0.88096	0.292622	0.845726	0.661244	joy	anticipation	— Czy powiedział coś?
0.88096	0.292622	0.845726	0.661244	joy	anger	Z przyjemnością rzuciłabym mu wprost w twarz, że Halszka go nienawidzi.
0.88096	0.292622	0.845726	0.661244	joy	anger	— Idź do diabła!
0.88096	0.292622	0.845726	0.661244	joy	sadness	Znów siedział w milczeniu, strasznie tęsknym wzrokiem patrząc w dal, jakby szukając tej zmarnowanej okazji odznaczenia się; rozwarte nozdrza zdawały się chwytać upajającą woń tej zmarnowanej sposobności.
0.88096	0.292622	0.845726	0.661244	joy	neutral	— Już go raz słyszałem.
0.88096	0.292622	0.845726	0.661244	joy	neutral	Mnie zaraz powiedziała, jako było.
0.88096	0.292622	0.845726	0.661244	joy	neutral	Po nabożeństwie odbyło się zebranie rady kościelnej.
0.88096	0.292622	0.845726	0.661244	joy	joy	— ozwał się Kim, parskając śmiechem, a oczy mu się zaświeciły.
0.88096	0.292622	0.845726	0.661244	joy	fear	Na miły Bóg, bądź ostrożna!
0.88096	0.292622	0.845726	0.661244	joy	sadness	I sam ten człowiek, gdyby nawet był wolny, nie byłby zdolny do poważnego przywiązania, gdy ona — czuła to dobrze — potrafiłaby w życiu kochać tylko raz.
0.88096	0.292622	0.845726	0.661244	joy	neutral	— Nie wiem, panie dyrektorze.
0.88096	0.292622	0.845726	0.661244	joy	anticipation	— Gotów nieboszczyk?...
0.88096	0.292622	0.845726	0.661244	joy	anger	Puść mnie, wolnym chcę być!
0.88096	0.292622	0.845726	0.661244	joy	sadness	— Bóg widzi, że moja hardość została za bramą tutejszą.
0.88096	0.292622	0.845726	0.661244	joy	anticipation	Weźcie mnie z sobą.
0.88096	0.292622	0.845726	0.661244	joy	sadness	Lampka żółtym cieniem spowija izbę suteryny, jej ubogie sprzęty i znużone świętem twarze mieszkańców.
0.88096	0.292622	0.845726	0.661244	joy	fear	A kiedy wyszła z pierwszego osłupienia, gdy jeden rok i drugi minął głucho, czuła niepokój w głębi piersi, jakby trzepotanie źle związanych skrzydeł.
0.88096	0.292622	0.845726	0.661244	joy	anger	— Och, daj spokój!
0.88096	0.292622	0.845726	0.661244	joy	neutral	— panem dziedzicem Nawłoci z przyległościami.
0.88096	0.292622	0.845726	0.661244	joy	sadness	—... Odszedłeś od nas — wołały płaczki — nie ma cię, panie... osierociłeś nas biednych...
0.88096	0.292622	0.845726	0.661244	joy	joy	Anna ocknęła się, wzruszona serdecznością Franciszka.
0.88096	0.292622	0.845726	0.661244	joy	joy	Mason aż pozieleniał z radości.
0.88096	0.292622	0.845726	0.661244	joy	anticipation	— Domyślałam się — powiedziała — że na coś się zanosi, chociaż Sämund nic mi nie powiedział.
0.88096	0.292622	0.845726	0.661244	joy	trust	Gdybym miał ciebie tego dnia, licytowałbym wyżej i utrzymałbym się przy kupnie.
0.88096	0.292622	0.845726	0.661244	joy	surprise	— Nie wiedziałem, że się interesujesz zoologią.
0.88096	0.292622	0.845726	0.661244	joy	neutral	Pojadę do Szczytna.
0.88096	0.292622	0.845726	0.661244	joy	neutral	Bernard obojętnie podniósł ramiona.
0.88096	0.292622	0.845726	0.661244	joy	trust	— Co komu Pan Bóg przeznaczył, to go i tak nie minie — odparł Litwin.
0.88096	0.292622	0.845726	0.661244	joy	sadness	Teraz dopiero z setek i tysięcy szczegółów układałem w sobie obraz zmarłej, ów obraz, który mi wszędzie towarzyszy.
0.88096	0.292622	0.845726	0.661244	joy	fear	I przerażona czuje, że serce jej tłuc się zaczyna jak ptak w klatce.
0.88096	0.292622	0.845726	0.661244	joy	surprise	— Skąd tak idziesz?
0.88096	0.292622	0.845726	0.661244	joy	trust	Bogu polecam moje dzieci!
0.88096	0.292622	0.845726	0.661244	joy	sadness	Może życie niczego więcej nie warte!
0.88096	0.292622	0.845726	0.661244	joy	surprise	— A nie chceszli wyspowiadać się przed drogą?
0.88096	0.292622	0.845726	0.661244	joy	joy	I widząc, że ciotka naprawdę nie wie, co znaczy piszczyk, aby mieć przyjemność okazania, że jest w równym stopniu wykształcona jak purystka, i aby zadrwić z ciotki, zadrwiwszy poprzednio z pani de Cambremer, rzekła na wpół ze śmiechem, powściąganym przez resztki udanego złego humoru:
0.88096	0.292622	0.845726	0.661244	joy	disgust	Lekkie szyderstwo brzmiało w jego głosie.
0.88096	0.292622	0.845726	0.661244	joy	anger	Niechże się ów komtur przekona, że nie twoja zapalczywość, ale nasze prawa karzą śmiercią za porwanie się na osobę posła.
0.88096	0.292622	0.845726	0.661244	joy	surprise	Czy to miał być protest?
0.88096	0.292622	0.845726	0.661244	joy	anticipation	Staś przyszedł do pokoju zawiadowcy i czekał, bo Orłowski chodził wzdłuż pokoju, spoglądał w dwa okna peronu, to przez okienko kasowe, wychodzące na korytarz, wychylał głowę i nasłuchiwał.
0.88096	0.292622	0.845726	0.661244	joy	anger	— Utaił by się przed innemi, nie przedemną!
0.88096	0.292622	0.845726	0.661244	joy	sadness	Bito nas nie patrząc gdzie.
0.88096	0.292622	0.845726	0.661244	joy	joy	— Ach, dobrze, żem se spomniał!
0.88096	0.292622	0.845726	0.661244	joy	anger	— Po cóż ja ciebie urodziiiłam!...
0.88096	0.292622	0.845726	0.661244	joy	surprise	Nie?
0.88096	0.292622	0.845726	0.661244	joy	anticipation	— Więc zrobi pani, o co prosiłem?...
0.88096	0.292622	0.845726	0.661244	joy	surprise	— spytał Harvey, nie mogąc jeszcze sobie uprzytomnić, że jego życie było najzupełniej bezpieczne.
0.88096	0.292622	0.845726	0.661244	joy	surprise	— Ale jak ty zrozumiesz tę ich mowę?
0.88096	0.292622	0.845726	0.661244	joy	anticipation	— Cóż będziesz robił po obiedzie?
0.88096	0.292622	0.845726	0.661244	joy	disgust	Dał Maciuś dzieciom prawa i patrzcie, co zrobiły.
0.88096	0.292622	0.845726	0.661244	joy	fear	A wtem na krańcach, gdzie niebo zdawało się stykać z ziemią i rozciągały się mgły sinawe, w tych mgłach właśnie zamajaczało coś i poczęło się poruszać, wypełzały jakieś kształty, z początku mętne, które zwierając się stopniowo, stawały się coraz wyraźniejsze.
0.88096	0.292622	0.845726	0.661244	joy	neutral	— wołał Pantera.
0.88096	0.292622	0.845726	0.661244	joy	joy	Nareszcie otwarły się drzwiczki do numeru Płazy-Spławskiego, nareszcie światło...
0.88096	0.292622	0.845726	0.661244	joy	neutral	W Dobromilu, na etapie w kancelarii, zapisywano wszystkich jeńców jednego po drugim, co odbywało się nie bez trudu, ponieważ wśród wszystkich trzystu jeńców, spędzonych do Dobromila z różnych stron, nie było ani jednego, który rozumiałby mowę rosyjską sierżanta siedzącego za stołem i pełniącego obowiązki tłumacza we Wschodniej Galicji, bo twierdził o sobie, że język rosyjski zna.
0.88096	0.292622	0.845726	0.661244	joy	surprise	— Zwaryowałeś?
0.88096	0.292622	0.845726	0.661244	joy	anticipation	Dołożycie starań, aby wcisnąć się do rozmównicy jakiegoś klasztoru; ploteczki tych pustelnic nie będą dla nas bez pożytku.
0.88096	0.292622	0.845726	0.661244	joy	surprise	— Jak to?
0.88096	0.292622	0.845726	0.661244	joy	surprise	Rózia postrzegła tylko mundur i przelękła się, sądząc że w mieszkaniu Juljana robić będą rewizyą, ale w chwili gdy ta myśl po jéj główce przebiegła, poznała w zbliżającym się kniazia z bukietem w ręku i pudełkiem cukierków.
0.88096	0.292622	0.845726	0.661244	joy	neutral	Tak rozmawiając, zbliżyli się do Krakowa.
0.88096	0.292622	0.845726	0.661244	joy	surprise	Czy kto uwierzy, iż są takie domy?
0.88096	0.292622	0.845726	0.661244	joy	surprise	Jest pełna!
0.88096	0.292622	0.845726	0.661244	joy	anticipation	Rozkazał pracować i ochraniać od złego ile w mej mocy i oddać temu tylko, kto, oprócz urzędowej legitymacyi, przyniesie mi znak umówiony z przyjacielem.
0.88096	0.292622	0.845726	0.661244	joy	anticipation	Podróżny podjechał bliżej, a na orszak skinął, dając znak, żeby na niego zaczekał.
0.88096	0.292622	0.845726	0.661244	joy	disgust	Słowo Niemca to fałsz...
0.88096	0.292622	0.845726	0.661244	joy	surprise	— A to, synku, zapomniałeś, że ci przybył jeszcze jeden obowiązek?
0.88096	0.292622	0.845726	0.661244	joy	fear	Ale gdy tak mówiła, drwiące jej oczy lśniły tak żywo, że książę nie mógł ich znieść; spojrzał na sufit, co było u niego ostatecznym znakiem krańcowego zakłopotania.
0.88096	0.292622	0.845726	0.661244	joy	anticipation	Wielki, choć z całej siły tłumiony gwałt pożądania był w tych prośbach...
0.88096	0.292622	0.845726	0.661244	joy	surprise	Czyż pan nie wie, że przynajmniej raz na miesiąc Jagoda podaje się do dymisji.
0.88096	0.292622	0.845726	0.661244	joy	disgust	— Wcale nie samotnych.
0.88096	0.292622	0.845726	0.661244	joy	joy	— Mój ojcze!
0.88096	0.292622	0.845726	0.661244	joy	sadness	Wokulski czuł, że ten mrok, żal i smutek wypływał z jego serca i że to wszystko zakończy się chyba z życiem, jeżeli się zakończy...
0.88096	0.292622	0.845726	0.661244	joy	trust	Komu jest dobrze, temu się widzi, że wszystko się dzieje na świecie, jak przynależy, jak Pan Bóg przykazał!
0.88096	0.292622	0.845726	0.661244	joy	surprise	W pierwszej chwili sądziłem, że to intryga miłosna.
0.88096	0.292622	0.845726	0.661244	joy	anticipation	— spytałem go, kiedyśmy wyszli na ganek, — nie mając już siły powstrzymać tych słów, co od godziny prawie paliły mi wargi.
0.88096	0.292622	0.845726	0.661244	joy	anticipation	— Jutro, lub dziś nawet.
0.88096	0.292622	0.845726	0.661244	joy	fear	A jak okaże się, że komitet zbyt pośpiesznie wydał rozkaz egzekucji?
0.88096	0.292622	0.845726	0.661244	joy	disgust	— Potworny jest — rzekła.
0.88096	0.292622	0.845726	0.661244	joy	disgust	Doprawdy, nadto jest pewny siebie.
0.88096	0.292622	0.845726	0.661244	joy	sadness	Na mnie spada cała ich złość dlatego, że ja was bronię z narażeniem moich dóbr w Neapolitańskiem, siebie...
0.88096	0.292622	0.845726	0.661244	joy	anticipation	Postrzegłszy to, pan Michał pociągnął wszystkich ze sobą do bramy, aby się wjeżdżającym przypatrywać.
0.88096	0.292622	0.845726	0.661244	joy	trust	No, a cmentarz! widzicie, że mi nic nie zaszkodził, to i wam przy mnie nicby się nie stało...
0.88096	0.292622	0.845726	0.661244	joy	disgust	Jeszcze tak nie jest, ale on z dniem każdym jest tłuściejszy.
0.88096	0.292622	0.845726	0.661244	joy	anger	Chce podobać się Solskiemu, a bałamuci innych!
0.88096	0.292622	0.845726	0.661244	joy	joy	Jaka ta Laura szczęśliwa ze swoim wiecznym spokojem!
0.88096	0.292622	0.845726	0.661244	joy	anticipation	Przez ustalenie jego tożsamości można będzie wykryć, z kim oskarżony miał do czynienia, a także będzie można poznać jego współwinnych.
0.88096	0.292622	0.845726	0.661244	joy	sadness	Chybaż on się powiesi — ów Bohun — ale już jemu czarownica przepowiadała, że on tej, o której myśli, nigdy nie dostanie i że Lach ją posiędzie, a ten Lach to pewnie jegomość.
0.88096	0.292622	0.845726	0.661244	joy	joy	Za każdym razem, kiedy chodziłem się odlać za te lipy na końcu ogrodu, dusza moja czuła się odświeżona widokiem tych przyjaciół.
0.88096	0.292622	0.845726	0.661244	joy	neutral	Rejentka lekko skinęła głową i rzekła do Ajdara:
0.88096	0.292622	0.845726	0.661244	joy	neutral	A wtedy ojciec mój powtórzył:
0.88096	0.292622	0.845726	0.661244	joy	fear	Suknia, kapelusz, okrywka i parasolka, wszystko musi być nowe, a tu tak niewiele czasu i nie tylko nic nie zamówione, ale nawet nie wybrane!...
0.88096	0.292622	0.845726	0.661244	joy	anticipation	— Wiesz, dziecko, że ojciec sam chce mówić z panem...
0.88096	0.292622	0.845726	0.661244	joy	anticipation	— Staram się wejść w położenie tego przemysłowca.
0.88096	0.292622	0.845726	0.661244	joy	trust	Godzę się z losem.
0.88096	0.292622	0.845726	0.661244	joy	anticipation	Gdyby ów młody człowiek zjawił się za naszych szczęśliwych dni, gdyby przyniósł Brygidzie jakiś obojętny list, czyż byłbym nań zwrócił jaką bądź uwagę?
0.88096	0.292622	0.845726	0.661244	joy	joy	W tej chwili pani Flora przystąpiła do nich, śmiejąc się na całe swoje puszyste gardziołko.
0.88096	0.292622	0.845726	0.661244	joy	anticipation	Uklękła i pociągnęła go, aby uczynił to samo.
0.88096	0.292622	0.845726	0.661244	joy	neutral	Zawiadowca, skoro tylko mu tamten zniknął z oczu powrócił do kancelaryi i zajął się załatwianiem urzędowych korespondencyi.
0.88096	0.292622	0.845726	0.661244	joy	surprise	Aż się biali królowie sami przestraszyli, że za dużo zabiją.
0.88096	0.292622	0.845726	0.661244	joy	anticipation	Ależ on tu nie próżnuje, więc jeszcze idzie naprzód.
0.88096	0.292622	0.845726	0.661244	joy	joy	Zdumiony tym niezwykłym objawem uczucia, spojrzał na nią namiętnie; przy śniadaniu wydała mu się bardzo ładna; mimo że miał spuszczone oczy, cały czas rozbierał w myśli jej wdzięki.
0.88096	0.292622	0.845726	0.661244	joy	neutral	Podeszła do Morela.
0.88096	0.292622	0.845726	0.661244	joy	joy	— Ot, tu jest na to lekarstwo!
0.88096	0.292622	0.845726	0.661244	joy	sadness	Petrek głowę spuścił, nie mówił nic.
0.88096	0.292622	0.845726	0.661244	joy	anticipation	— Halo, dziewczynko!
0.88096	0.292622	0.845726	0.661244	joy	sadness	W izbach, przez które przechodzili, cisza panowała i smutny mrok wieczora je zalegał.
0.88096	0.292622	0.845726	0.661244	joy	anticipation	— Panu Braunowi kazałam, by zaraz mi wszystko donosił.
0.88096	0.292622	0.845726	0.661244	joy	fear	Strasznie chciało mu się jechać, ale zlazł jak niepyszny i ponieważ mrok już zapadał, poszedł za ogrody odmówić wieczorne pacierze, ale mógł się to zebrać w sobie, kiedy jakaś dzieuszyna piesneczka dzwoniła gdzieś niedaleko i baby rajcowały w jakimś sadzie, że każde słowo leciało po rosie, i wrzeszczały dzieci kąpiące się w stawie, kajś znów śmiechy się zatrzęsły, to ryki krów, to księże perliczki darły się przenikliwie i cała wieś huczała przeróżnymi pogłosami niby ten ul rozbrzęczany, że cięgiem mu się myliło, a gdy nareszcie uchwycił wątek i przyklęknąwszy pod żytem wtopił rozmodlone oczy w to niebo rozgwiażdżone i poniósł duszę kajś w zaświaty, buchnęły od wsi takie przeraźliwe krzyki, lamenta i przeklinania, że poleciał ku domowi wystraszony wielce i niespokojny.
0.88096	0.292622	0.845726	0.661244	joy	anger	— zawoła Don Kichot — tu nie czas na żarty, na wszystko jest właściwa pora; teraz nie pora na żarty.
0.88096	0.292622	0.845726	0.661244	joy	disgust	Bodajeś nigdy matką nie była!
0.88096	0.292622	0.845726	0.661244	joy	anger	Wziął na stronę przyjaciela, i rzekł mu: — Pani Ru ma złe serce!
0.88096	0.292622	0.845726	0.661244	joy	anticipation	— Niech pan zaatakuje pierwszy południk.
0.88096	0.292622	0.845726	0.661244	joy	fear	Nie mógł mnie przecie nikt zobaczyć w tych łachmanach.
0.88096	0.292622	0.845726	0.661244	joy	joy	Mówiła to śpiewnie, z dziwnym upojeniem w głosie, który zdawał się wzbierać i drżeć, jakby chciał więcej powiedzieć, niż te proste słowa wyrażały.
0.88096	0.292622	0.845726	0.661244	joy	joy	Cicho, sekretnie pochwalała tę rozpustę nocną, która nareszcie jej duszę uzdrowiła, wyzwoliła, oblała zimną rosą spokoju.
0.88096	0.292622	0.845726	0.661244	joy	anger	— A nie obłaskawię, bo i ten będzie jeszcze mój, niech się jeno ciepło zrobi, to już umyśliłem taki sposób na niego, że nie wytrzyma na plebanii, a przyleci!
0.88096	0.292622	0.845726	0.661244	joy	fear	Zasypywano pociskami zamek, zasypywano miasto, wszystkie bramy, wszystkie baszty.
0.88096	0.292622	0.845726	0.661244	joy	anticipation	— dodał, ja z Neorżą moim powoli sobie radę dam.. jam nie wieczny, ani on...
0.88096	0.292622	0.845726	0.661244	joy	fear	— Ja dawniej wiszę — szepnął cicho Andrzej, z jakimś ledwie odczutym akcentem bólu, i twarz mu pobladła, ale oczy natychmiast rozbłysły dawną energją wytrwania i uporu.
0.88096	0.292622	0.845726	0.661244	joy	sadness	Ból jego serdeczny coraz bardziej ginął pod uczuciem wstydu, upokorzenia, zranionej miłości własnej.
0.88096	0.292622	0.845726	0.661244	joy	sadness	Nie sposób było pisać ni jeść porządnie, słowem sto razy w ciągu dnia brakowało mi tych przedmiotów.
0.88096	0.292622	0.845726	0.661244	joy	disgust	— Wracajcie skądeście przyszli.
0.88096	0.292622	0.845726	0.661244	joy	sadness	Nie miał nikogo, z kim mógłby, lub chciał podzielić się myślami.
0.88096	0.292622	0.845726	0.661244	joy	sadness	Ale zapomniałam o biednych w Sacca!
0.88096	0.292622	0.845726	0.661244	joy	joy	O prześlicznie, panie O’Haro!
0.88096	0.292622	0.845726	0.661244	joy	surprise	— O!
0.88096	0.292622	0.845726	0.661244	joy	surprise	Nagle zadzwoniło, zawirowało.
0.88096	0.292622	0.845726	0.661244	joy	surprise	Nie powiadano ci jeszcze?
0.88096	0.292622	0.845726	0.661244	joy	fear	Grzmoty zgłuszyły strzelaninę i zataczając się kołem, dudniąc, hucząc, budziły straszne echo w skałach.
0.88096	0.292622	0.845726	0.661244	joy	neutral	Toteż wkrótce w wyznaczonym miejscu stanęła walcowata budka, jakby pieprzniczka, nakryta szpiczastym dachem.
0.88096	0.292622	0.845726	0.661244	joy	fear	— bełkotał przestraszony, bo Antek puścił kosę i szedł ku niemu blady, ze strasznymi oczami.
0.88096	0.292622	0.845726	0.661244	joy	trust	— W jego ręku teraz zbawienie ojczyzny, a że gotów za nią życie oddać, niech mu Bóg błogosławi.
0.88096	0.292622	0.845726	0.661244	joy	joy	Radość i zapał błysły w oczach Edmunda i złotnik się oddalił, pozostawiając swego młodego przyjaciela w najrozkoszniejszych oczekiwaniach.
0.88096	0.292622	0.845726	0.661244	joy	sadness	Przekazywali sobie osobliwe wieści o pogrzebie wielkiego chana.
0.88096	0.292622	0.845726	0.661244	joy	surprise	Ze zdumieniem spostrzegła, że służba zapala nad stołami lampy ze światłem skoncentrowanym.
0.88096	0.292622	0.845726	0.661244	joy	joy	— Jesteś dobry i wielki, mój panie — rzekła Hayde, całując dłoń hrabiego — jestem szczęśliwa, że należę do ciebie.
0.88096	0.292622	0.845726	0.661244	joy	sadness	— Istny potop — szepnął po chwili, a opierając czoło o szybę, dodał — Ciemno choć oko wykol.
0.88096	0.292622	0.845726	0.661244	joy	sadness	Dlatego gdy tamte szczęśliwe... ja umieram z upokorzenia, z tęsknoty, ze wstydu.
0.88096	0.292622	0.845726	0.661244	joy	joy	Winszuję panu, panie Murek.
0.88096	0.292622	0.845726	0.661244	joy	surprise	Nigdy jeszcze nie widziałam człowieka w takim stanie.
0.88096	0.292622	0.845726	0.661244	joy	neutral	Jedno na pierwszym piętrze za sto franków dziennie, drugie na trzecim za dziesięć franków.
0.88096	0.292622	0.845726	0.661244	joy	anger	— Od chwili gdy zostałeś panem Egiptu, zbrodniarzami są ci, którzy ośmielają się widywać ciebie i nie zdawać sprawy z tego, o czym raczysz mówić...
0.88096	0.292622	0.845726	0.661244	joy	neutral	Sadownik Zajmweł odwiózł do domu zmiętą czerwoną pościel i ostatni wózek zimowych jabłek.
0.88096	0.292622	0.845726	0.661244	joy	neutral	Otworzyłem „ Le Figaro ”.
0.88096	0.292622	0.845726	0.661244	joy	anticipation	Wyczekawszy jeszcze chwilę, puknął leciuchno w ten sam sposób.
0.88096	0.292622	0.845726	0.661244	joy	joy	Dziewczynka też, którą Jan naparł się wziąć od matki, mileńka była, wesoleńka i zawczasu już porządek w chacie robić zaczęła, a i bratowa, choć płocha i w romansach niepowściągniona, dzieci swoje często nawiedzała i jego doglądała, wesołą swoją gadatliwością babską śmiesząc czasem i rozrywając.
0.88096	0.292622	0.845726	0.661244	joy	neutral	— pytał karczmarza Zagłoba.
0.88096	0.292622	0.845726	0.661244	joy	anger	— Ośle głupi!
0.88096	0.292622	0.845726	0.661244	joy	anticipation	— Chciałbym, aby byli przy tym Albert de Morcerf i Raul de Château-Renaud; wiesz pan, że prosiłem ich już na świadków.
0.88096	0.292622	0.845726	0.661244	joy	surprise	Gdy Otocki podjechał na Smolną do „ Sygnałów ”, okazało się, że partyjne zebranie jeszcze się nie skończyło.
0.88096	0.292622	0.845726	0.661244	joy	anger	— Wykup!
0.88096	0.292622	0.845726	0.661244	joy	surprise	Gedymin zwrócił wę nagle ku niemu.
0.88096	0.292622	0.845726	0.661244	joy	joy	Młody książę przybywał bardzo wcześnie na miłe wieczory matki, która powtarzała mu ciągle:
0.88096	0.292622	0.845726	0.661244	joy	joy	Mimika, gesty, w połączeniu z częstymi zmianami głosu, jakimi Bixiou malował swoje figury, musiały być doskonałe, bo trzej słuchacze wydawali bezwiednie krzyki uznania oraz pomruki radości.
0.88096	0.292622	0.845726	0.661244	joy	anger	Nie gadajcie tyle, mówie, za dużo tej gadaniny: dobra kosa dla łąki, dobra bedzie i dla żyta.
0.88096	0.292622	0.845726	0.661244	joy	trust	— Zostań pani!... sprawi mi to prawdziwą ulgę pomówić z osobą, obcą jeszcze temu światu kłamstwa i pustoty!
0.88096	0.292622	0.845726	0.661244	joy	anger	Ale chyba nie byłbym Rynaldem Montalban, żebym mu tego wszystkiego, mimo jego czarów, drogo nie zapłacił, jak tylko z łoża się zdźwignę.
0.88096	0.292622	0.845726	0.661244	joy	trust	Widzisz, że wszystko tak urządziłam, żeby twój portret nie był skończony i żebyś mógł przyjechać do Przytułowa.
0.88096	0.292622	0.845726	0.661244	joy	trust	Tak w niej znać było, że ona oddaje mu się z biciem serca, ale zarazem z ufnością, że oddaje mu serce, duszę i całą istotę, całe życie, i to nietylko na dobre, ale na każde chwile życia — i aż do końca życia, że pod tym względem żaden cień nie powstał w umyśle Połanieckiego, a ta pewność uczyniła go w tej chwili lepszym, tkliwszym i wymowniejszym, niż bywał zwykle.
0.88096	0.292622	0.845726	0.661244	joy	anger	— Do stu diabłów, są inne środki okazywania miłości, niż Homer.
0.88096	0.292622	0.845726	0.661244	joy	surprise	— Oho!
0.88096	0.292622	0.845726	0.661244	joy	anticipation	Jednego dnia siostrzenice pani de Montcertin pytały ją, co to jest miłość.
0.88096	0.292622	0.845726	0.661244	joy	sadness	Ogólnie wiedziano, że w młodości przeżyła dramat, bo jej narzeczony zginął na froncie w 1920 roku i od tego czasu ani na dzień jeden nie zdjęła po nim żałoby.
0.88096	0.292622	0.845726	0.661244	joy	anticipation	Spodziewałam się, że go dostaniemy.
0.88096	0.292622	0.845726	0.661244	joy	disgust	Pożyczać u ludzi?
0.88096	0.292622	0.845726	0.661244	joy	surprise	— spytał niespodzianie.
0.88096	0.292622	0.845726	0.661244	joy	disgust	— Nieruchome spojrzenie Ricarda zbiło go z tropu i dodał zmieszanym tonem: — Mówię, że to pospolity, marny złodziej bez żadnego znaczenia.
0.88096	0.292622	0.845726	0.661244	joy	fear	Ale jeżeli mimo wszystko nie zdołam zajść do Niego?
0.88096	0.292622	0.845726	0.661244	joy	joy	Szwentas ściskał go i całował.
0.88096	0.292622	0.845726	0.661244	joy	anger	— Nie.
0.88096	0.292622	0.845726	0.661244	joy	anger	Co znowu?
0.88096	0.292622	0.845726	0.661244	joy	fear	— A jeśli pomyłką jest to wszystko?
0.88096	0.292622	0.845726	0.661244	joy	anger	— Na to się mu podcina skrzydła!
0.88096	0.292622	0.845726	0.661244	joy	anger	Ale nie mogąc się ognać zbereźnikom, które jako te wróble obsiadały sztachety, a śmielsze nawet już pod okna się przebierały, to jeno przygrażał księżym cybuchem a wyklinał.
0.88096	0.292622	0.845726	0.661244	joy	anticipation	Niebo, które zatrzymało nas tutaj i zesłało niepogodę umyślnie po to, abyś pan usłyszał historię moich amorów, czegóż znów teraz sobie życzy? ”.
0.88096	0.292622	0.845726	0.661244	joy	sadness	— Przychodzi do siebie — powiedziałem — ale bardzo osłabiony.
0.88096	0.292622	0.845726	0.661244	joy	joy	Spotkali się oczami.
0.88096	0.292622	0.845726	0.661244	joy	joy	Nie przeszkodziło to jednak przyjaciołom utrzymywać dalsze serdeczne stosunki.
0.88096	0.292622	0.845726	0.661244	joy	surprise	Ja, znając pułkownika, byłam również pewna, że nie zainteresuje go bliżej ta kwestia.
0.88096	0.292622	0.845726	0.661244	joy	joy	— Nawrócony!... nawrócony faraon!...
0.88096	0.292622	0.845726	0.661244	joy	fear	Emil czuł, że się dusi.
0.88096	0.292622	0.845726	0.661244	joy	surprise	Nie wiedzieć dlaczego, to, co innym wydawało się pochlebne i zaszczytne, ją drażniło i obrażało.
0.88096	0.292622	0.845726	0.661244	joy	joy	A jakie z niej porządne i uczciwe dziewczynisko!
0.88096	0.292622	0.845726	0.661244	joy	surprise	Z trudem mu go wydarliśmy, a gdy ujrzał go w naszych rękach, był zdumiony.
0.88096	0.292622	0.845726	0.661244	joy	sadness	Ona chciałaby pozostać przy swojej mamie, ale jakże to uczynić, jeżeli mama tego nie chce?...
0.88096	0.292622	0.845726	0.661244	joy	anticipation	— Czekać wystrzału.
0.88096	0.292622	0.845726	0.661244	joy	fear	Pełno krwi na was...
0.88096	0.292622	0.845726	0.661244	joy	anger	Miłosierny Bóg niechaj uczyni to, aby wrogowie nasi utonęli we własnej krwi z ran, które wy im zadacie! ”
0.88096	0.292622	0.845726	0.661244	joy	anger	Nie zawojujecie tych ziem!
0.88096	0.292622	0.845726	0.661244	joy	surprise	— Kto taki?
0.88096	0.292622	0.845726	0.661244	joy	anticipation	— A tyś co robił, jak go nie było?
0.88096	0.292622	0.845726	0.661244	joy	anger	Beetle, bierz go!
0.88096	0.292622	0.845726	0.661244	joy	surprise	— Czy nigdy się nie modliłaś w życiu?
0.88096	0.292622	0.845726	0.661244	joy	surprise	— Procą?
0.88096	0.292622	0.845726	0.661244	joy	surprise	— Ależ nie miałeś strzelby z sobą?
0.88096	0.292622	0.845726	0.661244	joy	disgust	— Nie przystoi to mojej czci szlacheckiej.
0.88096	0.292622	0.845726	0.661244	joy	joy	Pochwal się, że jesteś.
0.88096	0.292622	0.845726	0.661244	joy	anger	Nienawidzę tego okrutnego rygoru i żelaznej logiki tych ludzi, którzy pojedyncze osoby czynią odpowiedzialnymi za losy narodów! ”
0.88096	0.292622	0.845726	0.661244	joy	joy	— dokończył powstrzymując śmiech knecht.
0.88096	0.292622	0.845726	0.661244	joy	joy	A oni krzyczą: „ Niech żyje ulica, niech żyje Pupek! ”.
0.88096	0.292622	0.845726	0.661244	joy	joy	Za piękną Greczynką, która jechała znużona do kąpieli, gryząc w ustach zwiędły kwiatek, biegli konno na desultorskich rumakach, młodzi synowie rycerzy, upojeni wonią, winem i śpiewami, śpiesząc do Ganeów pompejańskich, na miłosne schadzki z ulubienicami...
0.88096	0.292622	0.845726	0.661244	joy	anger	Oto sprzykrzyły mi się twoje posądzenia, nie w smak i to, że na mnie ustawnie brwi marszczysz i surowie spoglądasz...
0.88096	0.292622	0.845726	0.661244	joy	neutral	— Opisuję ci pusty kraj w Północnej Ameryce, nazywany Parkiem Narodowym.
0.88096	0.292622	0.845726	0.661244	joy	joy	Monte Christo uśmiechnął się.
0.88096	0.292622	0.845726	0.661244	joy	surprise	Teraz ledwo–ledwo rozumiem, że się to ze mną zdarzyło.
0.88096	0.292622	0.845726	0.661244	joy	joy	Wszyscy uniesieni szczytnym krajobrazem byli niezdolni sformułować tych wrażeń, jakich doznawali.
0.88096	0.292622	0.845726	0.661244	joy	anger	Ty napchana jesteś trocinami — i może ci z tym dobrze.
0.88096	0.292622	0.845726	0.661244	joy	anger	— Nigdy!
0.88096	0.292622	0.845726	0.661244	joy	joy	W minutę później ciocia Gabriela była już zdrowa.
0.88096	0.292622	0.845726	0.661244	joy	neutral	Na wieżach Panny Marii biły dzwony, napełniając miasto spiżowym dźwiękiem i płosząc stada kawek i gołębi.
0.88096	0.292622	0.845726	0.661244	joy	anger	Tu nie o łowach myśleć trzeba!
0.88096	0.292622	0.845726	0.661244	joy	anger	— Nie zapomniałam cię, drapichruście!
0.88096	0.292622	0.845726	0.661244	joy	surprise	Z kolei Plersch, słuchając, niemal osłupiał.
0.88096	0.292622	0.845726	0.661244	joy	joy	Jaka mama będzie szczęśliwa, żeśmy się spotkali! ” Było mi równie pilno dowiedzieć się jej nazwiska, jak jej ujrzeć że się kłaniam wreszcie ze świadomością rzeczy i że jej uśmiech, wytrzymywany bez końca niby nuta gis, może się wreszcie skończyć.
0.88096	0.292622	0.845726	0.661244	joy	joy	Rozweseliły mnie nieco dawno znane, rzęsiście oświetlone magazyny i sklepy i z lżejszym już sercem wysiadałem przy Gray’s Inn.
0.88096	0.292622	0.845726	0.661244	joy	anticipation	— Jeszcze, jeszcze trochę!
0.88096	0.292622	0.845726	0.661244	joy	anger	Głupi człowiecze! głupi!
0.88096	0.292622	0.845726	0.661244	joy	anticipation	Masz pan dla mnie może trochę złota za moje talary?
0.88096	0.292622	0.845726	0.661244	joy	anger	Czy tego nie widzisz?
0.88096	0.292622	0.845726	0.661244	joy	surprise	Wówczas pojął, że go oszukano.
0.88096	0.292622	0.845726	0.661244	joy	anger	— Powiadam paniczkom, Sodoma, Gomora, a jakże!
0.88096	0.292622	0.845726	0.661244	joy	disgust	Twarz jego i broda były bladożółte, a ręce i odzienie zawalane bezecnym plugastwem.
0.88096	0.292622	0.845726	0.661244	joy	disgust	Prawdziwe paskudztwo.
0.88096	0.292622	0.845726	0.661244	joy	anger	— No bo co?.. zbijesz mnie, wyrzucisz na śmieci, nie dasz jeść?..
0.88096	0.292622	0.845726	0.661244	joy	surprise	— Cóż takiego? co? na Boga! podnosząc się z siedzenia odezwała się wylękła Dobkowa.
0.88096	0.292622	0.845726	0.661244	joy	surprise	To dziwne, przecież minął już tydzień.
0.88096	0.292622	0.845726	0.661244	joy	joy	Z dumą spoglądać nań mogła młoda pani.
0.88096	0.292622	0.845726	0.661244	joy	surprise	— Co?
0.88096	0.292622	0.845726	0.661244	joy	joy	Delikatny wietrzyk hasał po pokoju.
0.88096	0.292622	0.845726	0.661244	joy	surprise	Mój Boże.
0.88096	0.292622	0.845726	0.661244	joy	trust	Serce jego szerokie.
0.88096	0.292622	0.845726	0.661244	joy	neutral	Wtedy też do izby wsunęła się Franka i, jak widmo cicha, przesunąwszy się pod ścianą, w kącie na ziemi usiadła.
0.88096	0.292622	0.845726	0.661244	joy	trust	Ten dobry ojciec Morlon miał wielki wpływ na moją inteligencję; miał Szekspira w przekładzie pana Letourneur; bratanek jego pożyczał dla mnie kolejno wszystkie tomy tego dzieła, obszernego jak dla dziecka, osiemnaście czy dwadzieścia tomów.
0.88096	0.292622	0.845726	0.661244	joy	disgust	— Ee... ja by go nie tak zrobił...
0.88096	0.292622	0.845726	0.661244	joy	trust	To jest szczera prawda.
0.88096	0.292622	0.845726	0.661244	joy	anger	— O co ci tedy chodzi?
0.88096	0.292622	0.845726	0.661244	joy	surprise	Lecz ona porwała się z krzesła.
0.88096	0.292622	0.845726	0.661244	joy	sadness	Na fotelu, pod którym zaskrzypiała podłoga, siedziała margrabina Crescenzi, której oczy napełnione łzami spotkały się wprost z oczami Fabrycego, również w nielepszym stanie.
0.88096	0.292622	0.845726	0.661244	joy	joy	— zawołał Tomek uradowany i pomyślał z niejakim zadowoleniem:
0.88096	0.292622	0.845726	0.661244	joy	anticipation	Naprawdę, wielką bym miał ochotę ubrać Formińskiego w kos­tium Iksa, a dla redaktora Panoramy Tygodnia.
0.88096	0.292622	0.845726	0.661244	joy	disgust	To wstyd!
0.88096	0.292622	0.845726	0.661244	joy	sadness	Dwaj przepadli bez śladu...
0.88096	0.292622	0.845726	0.661244	joy	trust	Bóg mu to dał, bo zasłużył; złota była to dusza, wszystkich dobrych ludzi kochał serdecznie, a twarz to miał taką, jak aniołek.
0.88096	0.292622	0.845726	0.661244	joy	anticipation	Cyrus Smith i jego towarzysze stali na szczycie góry przez blisko godzinę.
0.88096	0.292622	0.845726	0.661244	joy	anger	Zacisnęła ręce.
0.88096	0.292622	0.845726	0.661244	joy	joy	Rozbawiona Łucja śmiała się bez przymusu.
0.88096	0.292622	0.845726	0.661244	joy	trust	Nie sprzeciwiała się.
0.88096	0.292622	0.845726	0.661244	joy	anticipation	Przeciera oczy, poprawia włosy — zaraz do okna.
0.88096	0.292622	0.845726	0.661244	joy	fear	Był mężczyzną, a czuł się bezsilnym w obec losu.
0.88096	0.292622	0.845726	0.661244	joy	neutral	— odrzekli Kosma i Damian.
0.88096	0.292622	0.845726	0.661244	joy	trust	Który chcesz — bierz.
0.88096	0.292622	0.845726	0.661244	joy	neutral	Jeden zaprząg na samym końcu orszaku całkiem był nie przysypany.
0.88096	0.292622	0.845726	0.661244	joy	surprise	— Znowu waha się pan?
0.88096	0.292622	0.845726	0.661244	joy	anticipation	Lecz zanim je opowiem, chciałabym wiedzieć, czy w istocie między nami znajduje się najwspanialszy rycerz Don Kichot z Manchy i najznakomitszy jego giermek, Sancho Pansa?
0.88096	0.292622	0.845726	0.661244	joy	trust	Dżek wybrał drogę najwłaściwszą.
0.88096	0.292622	0.845726	0.661244	joy	anticipation	Może zapalisz cygaro?
0.88096	0.292622	0.845726	0.661244	joy	anticipation	Jakże rozkosznie byłoby usłyszeć wyznanie jego prawdziwych uczuć!
0.88096	0.292622	0.845726	0.661244	joy	anger	— Krew cię ujdzie!
0.88096	0.292622	0.845726	0.661244	joy	joy	— To, to, mój oficerze!
0.88096	0.292622	0.845726	0.661244	joy	anger	Nie każdy ma czarnych niewolników, książęce galerie, broń damasceńską, konie po sześć tysięcy franków, grecką kochankę!
0.88096	0.292622	0.845726	0.661244	joy	trust	— To jest wielki przyjaciel Andrzeja i prawie nasz domownik.
0.88096	0.292622	0.845726	0.661244	joy	trust	Od razu i niezłomnie uwierzyła w miłą sobie wiadomość, przyjęła ją nawet bez zdziwienia, jak coś, czego spodziewała się zawsze i co koniecznie stać się musiało.
0.88096	0.292622	0.845726	0.661244	joy	surprise	Przecież bardzo długo mnie nie widziała.
0.88096	0.292622	0.845726	0.661244	joy	surprise	— Dziwi się pani?
0.88096	0.292622	0.845726	0.661244	joy	sadness	Dwa dni zimno trzęsie, kości bolą, że jęczysz, w głowie szumi, a kaszel, zdaje się, piersi rozrywa.
0.88096	0.292622	0.845726	0.661244	joy	surprise	— A ty tu znowu, Brühl?
0.88096	0.292622	0.845726	0.661244	joy	surprise	Młodzieniec stał zadumany u drzwi, gdy poczuł że go ktoś zlekka za suknię pociąga i odwróciwszy się ujrzał O. Maura, który z chóru go zobaczywszy, przybył powitać.
0.88096	0.292622	0.845726	0.661244	joy	neutral	— rzekła.
0.88096	0.292622	0.845726	0.661244	joy	anticipation	— A zwleczesz się?
0.88096	0.292622	0.845726	0.661244	joy	neutral	De Polewkarum usu et honestate łykandi per Silvestrem Prieratem, Jacobinum.
0.88096	0.292622	0.845726	0.661244	joy	trust	— Bógże ci zapłać, bo mi będzie starość lżejsza.
0.88096	0.292622	0.845726	0.661244	joy	surprise	Kapitanowie, którzy wysiedli później na ląd, opowiadali o dziwacznej wyprawie nieznajomych i wypytywali, kim są ci dwaj antypatyczni wariaci, rozbijający się w szalupie za jakimś mężczyzną i jakąś kobietą i rozpowiadający historię, z której nic nie można było wyrozumieć.
0.88096	0.292622	0.845726	0.661244	joy	joy	W pobliskim kościele klasztornym podziwiał na obrazach i relikwiarzach owe przecudne skamieniałe światła i pragnął bardzo w duszy, by doń przemówiły i wyznały mu tajnię swego pochodzenia.
0.88096	0.292622	0.845726	0.661244	joy	fear	Następnie były tam i wizyty mniej przyjemne, rozeszła się bowiem wieść kilkakrotnie, że chciano kardynała zamordować.
0.88096	0.292622	0.845726	0.661244	joy	anticipation	— Dlaczego?
0.88096	0.292622	0.845726	0.661244	joy	sadness	Szedłem w owe straszliwe upały szukać cienia i trochę chłodu pod wielkimi kasztanami w Tuileriach. „ Skoro nie mogę zapomnieć, czy nie lepiej byłoby zabić się? ” — powiadałem sobie.
0.88096	0.292622	0.845726	0.661244	joy	neutral	Do obiadu siadało osiemnaście osób, a w razie potrzeby i dwadzieścia mogłoby się pomieścić w sali jadalnej; ale z rana tylko siedmiu stałych mieszkańców schodziło się na śniadanie i wtedy można by pomyśleć, że to kółko rodzinne zasiada przy stole.
0.88096	0.292622	0.845726	0.661244	joy	sadness	O je! jak boli!
0.88096	0.292622	0.845726	0.661244	joy	neutral	Przed każdą stała miseczka z jarzynami, czarka z wodą, a obok leżała kromka chleba.
0.88096	0.292622	0.845726	0.661244	joy	sadness	I wyrzekłszy się Marji, czuł taki żal, taką rozpacz po niej, że wracał jeszcze, mówił znowu — kocham Marję.
0.88096	0.292622	0.845726	0.661244	joy	anger	Jać wam służę... a chcecie zbyć mnie psim swędem... niedoczekanie!
0.88096	0.292622	0.845726	0.661244	joy	trust	— W domu ci je pokażę, kobieto — odpowie Sancho — trochę cierpliwości miej teraz, a za Bożą pomocą mam nadzieję, że ruszymy jeszcze raz na wyprawę i jak wrócę, zobaczysz mnie hrabią albo władcą wyspy, ale to wyspy co się nazywa, wyspy porządnej, lądowej, nie takiej tam, co to tuzinami po morzu się walają.
0.88096	0.292622	0.845726	0.661244	joy	joy	Przed jakimś Teniersem przywdziewał kaftan żołnierski lub siermięgę robotnika; pragnął nosić brudną i zadymioną czapkę Flamandów, zapijał się piwem, grał z nimi w karty i uśmiechał się do tęgiej wieśniaczki o soczystych kształtach.
0.88096	0.292622	0.845726	0.661244	joy	anticipation	Przez cały obiad prawie się nie odzywał, tylko z chciwością chwytał ich spojrzenia i słowa, śledził uśmiechy, słuchał ze skupieniem, ale nie mógł złapać nic podejrzanego, bo w ich zachowaniu się była tylko wielka przyjacielska zażyłość, pełna szacunku i życzliwości.
0.88096	0.292622	0.845726	0.661244	joy	surprise	— Doprawdy?
0.88096	0.292622	0.845726	0.661244	joy	sadness	Stał nad rynsztokiem i zalewał się łzami, bo jakieś auto ochlapało go błotem.
0.88096	0.292622	0.845726	0.661244	joy	neutral	Potem wędrowcy musieli piąć się stromą percią, zawianą śniegiem, biegnącą po upłazie Snipy, a dopiero poza tym rozpoczynała się jaka taka droga.
0.88096	0.292622	0.845726	0.661244	joy	anger	Więc jest źle!
0.88096	0.292622	0.845726	0.661244	joy	neutral	Przyjeżdżał do niego w odwiedziny każdego lata.
0.88096	0.292622	0.845726	0.661244	joy	surprise	— Kto to?...
0.88096	0.292622	0.845726	0.661244	joy	anticipation	— pytał dalej Kmicic.
0.88096	0.292622	0.845726	0.661244	joy	neutral	Grzegorz podszedł do króla.
0.88096	0.292622	0.845726	0.661244	joy	surprise	A ten malec czego się tu plącze?
0.88096	0.292622	0.845726	0.661244	joy	trust	— Przyjedź znowu do nas niezadługo, Jakubie — rzekł leśniczy, ściskając mu serdecznie rękę — do nas, mówię, to znaczy i do mnie także.
0.88096	0.292622	0.845726	0.661244	joy	surprise	„ Do licha, czyżbym ją obraził?...
0.88096	0.292622	0.845726	0.661244	joy	surprise	— Cóż ja robię?...
0.88096	0.292622	0.845726	0.661244	joy	disgust	Szczególną antypatią, nienawiścią, odrazą, wzgardą i drwinami Lulek darzył miejscową organizację socjalistyczną z odcieniem narodowym.
0.88096	0.292622	0.845726	0.661244	joy	joy	Nie zapomnę nigdy wrażenia pierwszej pod gołym niebem spędzonej nocy.
0.88096	0.292622	0.845726	0.661244	joy	surprise	— Na Boga!
0.88096	0.292622	0.845726	0.661244	joy	joy	Uśmiechnął się i dodał:
0.88096	0.292622	0.845726	0.661244	joy	anticipation	Co on ci mówił?
0.88096	0.292622	0.845726	0.661244	joy	sadness	Było to posępne i tragiczne, i prawdziwe!
0.88096	0.292622	0.845726	0.661244	joy	neutral	Na zasłonie była wyhaftowana złotem skrzydlata kula z dwoma wężami.
0.88096	0.292622	0.845726	0.661244	joy	neutral	Takich jest miliony.
0.88096	0.292622	0.845726	0.661244	joy	surprise	— Powinno się okazać polepszenie; co by to była za chorość?
0.88096	0.292622	0.845726	0.661244	joy	neutral	Bardzo charakterystyczne, na wskroś typowe.
0.88096	0.292622	0.845726	0.661244	joy	sadness	Szkoda, że mojej żony niema...
0.88096	0.292622	0.845726	0.661244	joy	anger	— Tylko buntownicy nie spełnią rozkazów faraona — odparł Ramzes.
0.88096	0.292622	0.845726	0.661244	joy	joy	— Dzięki Bogu.
0.88096	0.292622	0.845726	0.661244	joy	anger	— I obu was się nie zlęknę! zaryczał Arnulf zrywając się z ławy.
0.88096	0.292622	0.845726	0.661244	joy	sadness	Nieszczęśliwi mają pewne prawa... a ja, panie szanowny, jestem bardzo nieszczęśliwa.
0.88096	0.292622	0.845726	0.661244	joy	joy	I ją poniesły radoście, że pobiegła naprzeciw i prawie pierwsza chłopów dopadła, a nikto do niej nie wyskoczył, nikto nie przytulił i nie całował.
0.88096	0.292622	0.845726	0.661244	joy	surprise	Wszedł jako czwarty dependent do Derville’a, a był już drugim dependentem w 1819!
0.88096	0.292622	0.845726	0.661244	joy	joy	Na trzecim piętrze zapukał do drzwi, przez które dolatywał wesoły śmiech i krzyki dzieci.
0.88096	0.292622	0.845726	0.661244	joy	disgust	Mędrzec dążący do władzy winien snobizm ( w języku polskim kołtunizm, czyli kołtuństwo ) uczynić najistotniejszą częścią swego „ programu ”, dać kołtuństwu możność rozkwitu, nazwać kołtun najpiękniejszymi naukowymi nazwami i popierać go entuzjastycznie.
0.88096	0.292622	0.845726	0.661244	joy	joy	— zawołał ten ostatni, pozwalając ocałowywać sobie policzki — twoja wieczerza, mój bracie, jest pyszną rzeczą na dzisiejszą zawieruchę!
0.88096	0.292622	0.845726	0.661244	joy	surprise	— Więc to wszystko prawda — wyrzekła.
0.88096	0.292622	0.845726	0.661244	joy	anger	— Czy mi nawet tego robić nie wolno!
0.88096	0.292622	0.845726	0.661244	joy	sadness	Porozstawiane naczynia od herbaty i ciastka, dalej owa maszynka — wszystko zaczęło drobiazgami okrutnymi ranić jej serce.
0.88096	0.292622	0.845726	0.661244	joy	surprise	A cóż się z nią stało?
0.88096	0.292622	0.845726	0.661244	joy	surprise	Zdaje mi się, że oczy jéj w mgnieniu oka kilka razy zmieniły kolor: były i piwne, i ciemno-zielone, i czarne jak węgiel.
0.88096	0.292622	0.845726	0.661244	joy	sadness	Jakkolwiek stłumione, płacz i jęki musiały znać dojść do uszu matki, która od drugiego pokoju drzwi uchyliła, naprzód powoli, a potem rzuciwszy niemi, nie patrząc na króla, do córki przypadła, tuląc ją ku sobie.
0.88096	0.292622	0.845726	0.661244	joy	surprise	Jeszcze ci nie dosyć?
0.88096	0.292622	0.845726	0.661244	joy	surprise	— Borynowy to dom, Macieja Boryny?
0.88096	0.292622	0.845726	0.661244	joy	trust	Niech was Bóg prowadzi i odprowadza.
0.88096	0.292622	0.845726	0.661244	joy	anger	— Wytłumacz to wyborcom!
0.88096	0.292622	0.845726	0.661244	joy	trust	— Bądź pani spokojna — rzecze Don Kichot — nie powiem nic już więcej i nie wmieszam się do niczego, dopóki nie dopełnię swojej obietnicy.
0.88096	0.292622	0.845726	0.661244	joy	joy	— Niech żyje Carlini!
0.88096	0.292622	0.845726	0.661244	joy	surprise	— Co znaczy za kim?
0.88096	0.292622	0.845726	0.661244	joy	disgust	Hoyma oburzała i treść jéj słów, a nadewszystko zimna krew, obojętność z jaką je wymawiała.
0.88096	0.292622	0.845726	0.661244	joy	surprise	A o ilu ja rzeczach nie myślałem przed chwilą i o ilu nie myślę?
0.88096	0.292622	0.845726	0.661244	joy	sadness	Zdało mi się, że nie mam co robić między nimi, biedny prostak, i już nawet nie patrząc na nich, chcę ich minąć i iść dalej w las, kiedy słyszę, jak jeden z nich woła:
0.88096	0.292622	0.845726	0.661244	joy	neutral	Przede wszystkim zrobiłem sobie stożkowate nakrycie głowy z długowłosej skóry lamy, nie przepuszczającej deszczu.
0.88096	0.292622	0.845726	0.661244	joy	neutral	Gospoda na gościńcu pod lasem stała w miejscu kędy przejazd był znaczny do Poznania.
0.88096	0.292622	0.845726	0.661244	joy	disgust	Brwi zrośnięte nad nosem oszpeconym ospą.
0.88096	0.292622	0.845726	0.661244	joy	joy	Komendant roześmiał się.
0.88096	0.292622	0.845726	0.661244	joy	neutral	— spytał.
0.88096	0.292622	0.845726	0.661244	joy	surprise	Nagle wśród chwilowej ciszy zza drzwi gabinetu doleciał podniesiony głos Dyzmy:
0.88096	0.292622	0.845726	0.661244	joy	trust	Dyzma przyznał pułkownikowi rację.
0.88096	0.292622	0.845726	0.661244	joy	surprise	Przy samej bramie Agnieszka spostrzegła, że zostawiła u doktora koszyczek od roboty.
0.88096	0.292622	0.845726	0.661244	joy	neutral	Szczur zarzucił lejce na grzbiet konia, związał je i ujął szkapę przy pysku.
0.88096	0.292622	0.845726	0.661244	joy	sadness	— Straciłem tam syna...
0.88096	0.292622	0.845726	0.661244	joy	joy	Rad był z wyjazdu Kmicica.
0.88096	0.292622	0.845726	0.661244	joy	neutral	Takich generałów miała Austria bardzo wielu.
0.88096	0.292622	0.845726	0.661244	joy	anger	Mów!
0.88096	0.292622	0.845726	0.661244	joy	surprise	— Nie skarżę się na was, broń Boże!
0.88096	0.292622	0.845726	0.661244	joy	surprise	Dla niego było to coś niepojętego, co go więcej dziwiło niż nęciło — studyum teratologiczne.
0.88096	0.292622	0.845726	0.661244	joy	joy	Ho, ho, idźże do Poświcia, i szczęść ci, Boże!
0.88096	0.292622	0.845726	0.661244	joy	neutral	„ Kopernik ”.
0.88096	0.292622	0.845726	0.661244	joy	neutral	— myślał Winicjusz.
0.88096	0.292622	0.845726	0.661244	joy	surprise	Instynktowi życia samego już nieufny?
0.88096	0.292622	0.845726	0.661244	joy	joy	Pomimo całej biedy, jaka nawiedziła dżunglę, zwierzęta — nie wyłączając Hathiego — nie mogły powstrzymać się od rzęsistego śmiechu, posłyszawszy te słowa.
0.88096	0.292622	0.845726	0.661244	joy	surprise	— Za co mieliby nas upominać?
0.88096	0.292622	0.845726	0.661244	joy	neutral	Na nogach ciżemki żółte.
0.88096	0.292622	0.845726	0.661244	joy	anger	— Ty głupi jesteś!
0.88096	0.292622	0.845726	0.661244	joy	neutral	—
0.88096	0.292622	0.845726	0.661244	joy	neutral	Własne to twoje oblicze na chropowatym i niedoskonałym zwierciadle.
0.88096	0.292622	0.845726	0.661244	joy	neutral	﻿Pewnej nocy, patrolując po mieście, schwytałem młodą panienkę nadzwyczaj piękną, przebraną za chłopca i jej brata, przebranego za dziewczynę.
MCosD: 0.9368376532095137
MAE: 1.6073661966636434
RMSE: 1.65462042489072
PREC: 0.1385390428211587
RECALL: 0.1385390428211587
FSCORE: 0.1385390428211587
ACC: 0.1385390428211587
