-0.375366	-2.04535	-0.363869	-0.623351	surprise	sadness	Przygnębiony ciężarem sumienia, zawstydzony wzrok wlepił w ziemię.
-0.383129	-2.04546	-0.390219	-0.709257	surprise	surprise	— Ale, ale!...
-0.363317	-1.94352	-0.346645	-0.642045	surprise	sadness	Od wieków tak bardzo odosobieni, samotni, nie żyjąc z nikim, rodziną się tylko własną i sami sobą otaczając starczyli sobie, ani z sąsiadami, ani z tymi do których wypadki ich zbliżały nie zawiązując ściślejszych stosunków.
-0.411275	-2.04048	-0.40402	-0.673532	surprise	surprise	Nie wspomniał nic o warunkach, pod jakimi ochotnicy zgodzili się na tę naukę.
-0.404417	-2.05353	-0.440432	-0.659473	surprise	anticipation	Zapatrzyła się w rękę.
-0.402674	-2.03906	-0.371526	-0.695964	surprise	anticipation	Słucham was, panie von Bergow.
-0.447938	-2.06768	-0.427944	-0.659903	surprise	anticipation	— Nie zaraz odbędzie się tyle przeze mnie upragniona uroczystość.
-0.395788	-2.02988	-0.380366	-0.658272	surprise	anger	— Ach, gdyby wiedzieli — mówił z gniewem władca — jak faraon jest bezsilny i ubogi, każdy nomarcha zechciałby być panem swego nomesu!...
-0.406024	-2.06681	-0.379122	-0.631323	surprise	sadness	Śmiech jej krył wzruszenie, które mi sprawiło ból.
-0.417731	-2.00404	-0.389842	-0.63277	surprise	trust	— Będę się wpatrywał w plamy atramentowe... będę wiernie pilnował klejnotów!
-0.423534	-2.03534	-0.46091	-0.679448	surprise	fear	— Kto pan jesteś? czego tu chcesz?...
-0.43279	-2.05038	-0.420636	-0.672308	surprise	fear	— Bój się Boga, Senderl!
-0.421242	-2.02939	-0.427366	-0.719315	surprise	anticipation	— Ależ chcę wiedzieć...
-0.383948	-1.96347	-0.340255	-0.650757	surprise	anticipation	Padre Torquemada stał przy oknie zamyślony, na koniec odwrócił się i podszedł do stołu.
-0.418336	-2.01754	-0.417111	-0.684456	surprise	trust	Zrozumiałaś mnie.
-0.411752	-2.04923	-0.399643	-0.702069	surprise	anticipation	— Marku, a Drakecity?
-0.330487	-1.95285	-0.363119	-0.632591	surprise	neutral	Byłto młody chłopak z jasnemi włosy, skromnie, ale czysto odziany, wyglądający na leśniczego lub pisarza, z torbą myśliwską na plecach, w czarnych, długich po kolana butach, z harapnikiem przez plecy, w wiejskim kapeluszu słomianym na głowie.
-0.402399	-2.031	-0.380001	-0.633523	surprise	surprise	Mówcie, którzy stąd jesteście: prawda-li to?
-0.384801	-2.05726	-0.381618	-0.720467	surprise	anticipation	Co?
-0.428074	-2.02646	-0.385647	-0.624224	surprise	anticipation	To pewnie i gazety pisze?
-0.390781	-2.02024	-0.377692	-0.680654	surprise	sadness	Innym znów razem, w dzień chłodny płukać musiała wraz z praczkami bieliznę nad brzegiem jeziora.
-0.440847	-2.02825	-0.423732	-0.667753	surprise	anger	Tyś go zabił — podchwycił sędzia.
-0.383706	-2.05134	-0.396393	-0.734159	surprise	anticipation	— zapytała.
-0.380355	-2.02625	-0.370957	-0.654775	surprise	anger	— mruknął stary ze złością i, nie skończywszy obiadu, wyszedł, a Janka była w takiem usposobieniu, że aby mu zrobić więcej przykrości, kazała koniom czekać przed dworem całe dwie godziny, i z pewną przyjemnością widziała, że stary kilka razy wyglądał z oficyny na podjazd, klął głośno na marnowanie czasu i na jaśnie państwo, i, nie mogąc wkońcu wytrzymać, krzyknął na stangreta:
-0.401087	-1.97859	-0.399646	-0.657151	surprise	disgust	Wolałby jednak pozostać w domu i czytać tę książkę, niżeli iść na wieczór do baronowej, gdzie nie znajdzie najpewniej nic nowego, ani szczególnie przyjemnego.
-0.404051	-2.04459	-0.387832	-0.660024	surprise	sadness	Nadeszła chwila, że tłumione łkanie wstrząsnęło te rycerskie piersi.
-0.420285	-2.04154	-0.338415	-0.594075	surprise	fear	Oto szczepienie będzie spóźnione, oto profesor będzie umierał w najstraszliwszych, w najdzikszych męczarniach.
-0.369176	-2.05706	-0.365001	-0.618806	surprise	joy	Nie znam w istocie szczęśliwszego małżeństwa.
-0.384836	-2.01892	-0.392024	-0.672171	surprise	joy	Oswald w jego wieku znał się nawet na zegarze słonecznym.
-0.359845	-2.0077	-0.350205	-0.611227	surprise	sadness	Mąż zabity, syn uległ wypadkowi, córka pod ziemią, może już martwa, a w dodatku chory starzec, dziecko okaleczałe skutkiem wypadku i wreszcie córka zmarła z głodu podczas strajku.
-0.438697	-2.04558	-0.438332	-0.666264	surprise	anticipation	Dowiedź tego!
-0.380739	-2.02458	-0.391021	-0.672126	surprise	sadness	Wyrwał ze złoconych ram portret matki i zwinął go; w złotych ramach pozostała czarna pustka.
-0.417276	-1.94393	-0.301417	-0.633468	surprise	anticipation	Kanclerz państwa i inni dopraszali się, aby Władysław niezwłócząc udał się do Szegedynu, gdzie posłowie tureccy przybyć mieli.
-0.388971	-2.00089	-0.348796	-0.701078	surprise	anger	— Słuchaj — rzekł zniecierpliwiony tem do Fotofera, przybyłego w odwiedziny jednego poranku, jak to może być żebym ja się dał temu Włochowi pokonać i odszedł z niczem.
-0.396202	-2.07361	-0.407441	-0.625671	surprise	surprise	Pierwszy raz to we wsi czy co!
-0.346184	-1.98965	-0.346222	-0.623246	surprise	disgust	Ciało: to szatan, to złość, to niedoskonałość, zgnilizna i robactwo; duch jedyną prawdą.
-0.412415	-2.06319	-0.414545	-0.686521	surprise	surprise	— Przysięgam, że tego po tobie się nie spodziewałem.
-0.399246	-2.03091	-0.355528	-0.638091	surprise	sadness	Tak nad niemi pochyloną z boku schwyciła pantera, drasnęła ją ledwie, i piękna jej główka jak zwiędły kwiat pochyliła się blada, prawie bez śmiertelnego wysiłku...
-0.389007	-2.04758	-0.378006	-0.723794	surprise	anger	Nie!
-0.398919	-2.0267	-0.390528	-0.739027	surprise	surprise	— Aa?!...
-0.368765	-2.00096	-0.308722	-0.620195	surprise	neutral	Historja wahającego się oblubieńca i zerwanego małżeństwa może temu odpowiadać, jak recenzja rozsądnego dziennikarza może dać treść sztuki Ibsena.
-0.445288	-2.07564	-0.455336	-0.687656	surprise	anticipation	— Czy powiedział coś?
-0.41776	-2.04342	-0.378763	-0.637158	surprise	anger	Z przyjemnością rzuciłabym mu wprost w twarz, że Halszka go nienawidzi.
-0.430055	-2.03108	-0.437171	-0.6836	surprise	anger	— Idź do diabła!
-0.338904	-1.973	-0.362922	-0.638044	surprise	sadness	Znów siedział w milczeniu, strasznie tęsknym wzrokiem patrząc w dal, jakby szukając tej zmarnowanej okazji odznaczenia się; rozwarte nozdrza zdawały się chwytać upajającą woń tej zmarnowanej sposobności.
-0.445558	-2.03622	-0.448585	-0.629164	surprise	neutral	— Już go raz słyszałem.
-0.401306	-2.05482	-0.390533	-0.64324	surprise	neutral	Mnie zaraz powiedziała, jako było.
-0.403301	-2.01188	-0.353375	-0.650824	surprise	neutral	Po nabożeństwie odbyło się zebranie rady kościelnej.
-0.399416	-2.04225	-0.408912	-0.670416	surprise	joy	— ozwał się Kim, parskając śmiechem, a oczy mu się zaświeciły.
-0.410737	-2.01867	-0.385079	-0.63711	surprise	fear	Na miły Bóg, bądź ostrożna!
-0.408946	-1.99681	-0.324264	-0.575935	surprise	sadness	I sam ten człowiek, gdyby nawet był wolny, nie byłby zdolny do poważnego przywiązania, gdy ona — czuła to dobrze — potrafiłaby w życiu kochać tylko raz.
-0.397346	-2.01562	-0.387289	-0.672089	surprise	neutral	— Nie wiem, panie dyrektorze.
-0.428982	-1.96603	-0.410191	-0.675744	surprise	anticipation	— Gotów nieboszczyk?...
-0.406766	-2.02696	-0.44556	-0.645687	surprise	anger	Puść mnie, wolnym chcę być!
-0.407115	-2.04346	-0.417037	-0.70182	surprise	sadness	— Bóg widzi, że moja hardość została za bramą tutejszą.
-0.417082	-2.02596	-0.469022	-0.699492	surprise	anticipation	Weźcie mnie z sobą.
-0.377202	-2.02915	-0.381611	-0.642919	surprise	sadness	Lampka żółtym cieniem spowija izbę suteryny, jej ubogie sprzęty i znużone świętem twarze mieszkańców.
-0.37129	-2.00677	-0.351368	-0.607565	surprise	fear	A kiedy wyszła z pierwszego osłupienia, gdy jeden rok i drugi minął głucho, czuła niepokój w głębi piersi, jakby trzepotanie źle związanych skrzydeł.
-0.402514	-2.03564	-0.436645	-0.672482	surprise	anger	— Och, daj spokój!
-0.397151	-1.92597	-0.387309	-0.699465	surprise	neutral	— panem dziedzicem Nawłoci z przyległościami.
-0.354956	-1.98615	-0.383444	-0.712021	surprise	sadness	—... Odszedłeś od nas — wołały płaczki — nie ma cię, panie... osierociłeś nas biednych...
-0.367163	-2.04453	-0.353314	-0.611771	surprise	joy	Anna ocknęła się, wzruszona serdecznością Franciszka.
-0.408535	-2.04366	-0.381141	-0.63225	surprise	joy	Mason aż pozieleniał z radości.
-0.409341	-2.05676	-0.393893	-0.668225	surprise	anticipation	— Domyślałam się — powiedziała — że na coś się zanosi, chociaż Sämund nic mi nie powiedział.
-0.415845	-2.06383	-0.3938	-0.619245	surprise	trust	Gdybym miał ciebie tego dnia, licytowałbym wyżej i utrzymałbym się przy kupnie.
-0.384604	-2.00886	-0.465232	-0.711985	surprise	surprise	— Nie wiedziałem, że się interesujesz zoologią.
-0.413731	-2.02346	-0.423854	-0.699632	surprise	neutral	Pojadę do Szczytna.
-0.359995	-2.06563	-0.339074	-0.728083	surprise	neutral	Bernard obojętnie podniósł ramiona.
-0.456555	-2.06417	-0.432105	-0.641103	surprise	trust	— Co komu Pan Bóg przeznaczył, to go i tak nie minie — odparł Litwin.
-0.396405	-2.01208	-0.384144	-0.599187	surprise	sadness	Teraz dopiero z setek i tysięcy szczegółów układałem w sobie obraz zmarłej, ów obraz, który mi wszędzie towarzyszy.
-0.401573	-2.04207	-0.353786	-0.604176	surprise	fear	I przerażona czuje, że serce jej tłuc się zaczyna jak ptak w klatce.
-0.436402	-2.04858	-0.468623	-0.714462	surprise	surprise	— Skąd tak idziesz?
-0.342808	-2.03962	-0.37233	-0.630246	surprise	trust	Bogu polecam moje dzieci!
-0.370621	-2.03132	-0.354344	-0.599628	surprise	sadness	Może życie niczego więcej nie warte!
-0.40205	-2.05263	-0.427473	-0.717084	surprise	surprise	— A nie chceszli wyspowiadać się przed drogą?
-0.352031	-1.96204	-0.375102	-0.685352	surprise	joy	I widząc, że ciotka naprawdę nie wie, co znaczy piszczyk, aby mieć przyjemność okazania, że jest w równym stopniu wykształcona jak purystka, i aby zadrwić z ciotki, zadrwiwszy poprzednio z pani de Cambremer, rzekła na wpół ze śmiechem, powściąganym przez resztki udanego złego humoru:
-0.404862	-2.01183	-0.373783	-0.59093	surprise	disgust	Lekkie szyderstwo brzmiało w jego głosie.
-0.441095	-2.03988	-0.382776	-0.655859	surprise	anger	Niechże się ów komtur przekona, że nie twoja zapalczywość, ale nasze prawa karzą śmiercią za porwanie się na osobę posła.
-0.439146	-2.05532	-0.489943	-0.605357	surprise	surprise	Czy to miał być protest?
-0.405938	-2.01618	-0.378865	-0.658575	surprise	anticipation	Staś przyszedł do pokoju zawiadowcy i czekał, bo Orłowski chodził wzdłuż pokoju, spoglądał w dwa okna peronu, to przez okienko kasowe, wychodzące na korytarz, wychylał głowę i nasłuchiwał.
-0.428131	-2.05326	-0.421021	-0.673664	surprise	anger	— Utaił by się przed innemi, nie przedemną!
-0.403886	-2.07992	-0.402821	-0.641193	surprise	sadness	Bito nas nie patrząc gdzie.
-0.399038	-2.0432	-0.417164	-0.714589	surprise	joy	— Ach, dobrze, żem se spomniał!
-0.422278	-2.03628	-0.421629	-0.653473	surprise	anger	— Po cóż ja ciebie urodziiiłam!...
-0.379754	-2.04979	-0.373833	-0.739289	surprise	surprise	Nie?
-0.429849	-2.02728	-0.44169	-0.648076	surprise	anticipation	— Więc zrobi pani, o co prosiłem?...
-0.373809	-1.9787	-0.373102	-0.683451	surprise	surprise	— spytał Harvey, nie mogąc jeszcze sobie uprzytomnić, że jego życie było najzupełniej bezpieczne.
-0.46636	-2.03912	-0.401647	-0.689609	surprise	surprise	— Ale jak ty zrozumiesz tę ich mowę?
-0.414038	-2.0314	-0.425301	-0.677185	surprise	anticipation	— Cóż będziesz robił po obiedzie?
-0.435057	-2.01204	-0.3882	-0.648154	surprise	disgust	Dał Maciuś dzieciom prawa i patrzcie, co zrobiły.
-0.355358	-2.00222	-0.341498	-0.663835	surprise	fear	A wtem na krańcach, gdzie niebo zdawało się stykać z ziemią i rozciągały się mgły sinawe, w tych mgłach właśnie zamajaczało coś i poczęło się poruszać, wypełzały jakieś kształty, z początku mętne, które zwierając się stopniowo, stawały się coraz wyraźniejsze.
-0.370306	-1.93252	-0.380344	-0.702371	surprise	neutral	— wołał Pantera.
-0.423992	-2.03272	-0.377388	-0.601367	surprise	joy	Nareszcie otwarły się drzwiczki do numeru Płazy-Spławskiego, nareszcie światło...
-0.385305	-1.93215	-0.279614	-0.649501	surprise	neutral	W Dobromilu, na etapie w kancelarii, zapisywano wszystkich jeńców jednego po drugim, co odbywało się nie bez trudu, ponieważ wśród wszystkich trzystu jeńców, spędzonych do Dobromila z różnych stron, nie było ani jednego, który rozumiałby mowę rosyjską sierżanta siedzącego za stołem i pełniącego obowiązki tłumacza we Wschodniej Galicji, bo twierdził o sobie, że język rosyjski zna.
-0.445721	-2.04052	-0.47814	-0.668648	surprise	surprise	— Zwaryowałeś?
-0.406132	-2.04683	-0.361843	-0.663684	surprise	anticipation	Dołożycie starań, aby wcisnąć się do rozmównicy jakiegoś klasztoru; ploteczki tych pustelnic nie będą dla nas bez pożytku.
-0.419897	-2.03016	-0.433868	-0.752016	surprise	surprise	— Jak to?
-0.29666	-2.05746	-0.326405	-0.719691	surprise	surprise	Rózia postrzegła tylko mundur i przelękła się, sądząc że w mieszkaniu Juljana robić będą rewizyą, ale w chwili gdy ta myśl po jéj główce przebiegła, poznała w zbliżającym się kniazia z bukietem w ręku i pudełkiem cukierków.
-0.420905	-2.05994	-0.413361	-0.65911	surprise	neutral	Tak rozmawiając, zbliżyli się do Krakowa.
-0.411754	-2.06226	-0.382707	-0.685862	surprise	surprise	Czy kto uwierzy, iż są takie domy?
-0.350676	-1.99804	-0.430199	-0.668701	surprise	surprise	Jest pełna!
-0.421241	-2.01217	-0.362918	-0.691986	surprise	anticipation	Rozkazał pracować i ochraniać od złego ile w mej mocy i oddać temu tylko, kto, oprócz urzędowej legitymacyi, przyniesie mi znak umówiony z przyjacielem.
-0.407895	-2.06093	-0.364155	-0.638635	surprise	anticipation	Podróżny podjechał bliżej, a na orszak skinął, dając znak, żeby na niego zaczekał.
-0.413156	-2.05627	-0.369749	-0.611022	surprise	disgust	Słowo Niemca to fałsz...
-0.396231	-2.06052	-0.401117	-0.66216	surprise	surprise	— A to, synku, zapomniałeś, że ci przybył jeszcze jeden obowiązek?
-0.396733	-2.01441	-0.352501	-0.594444	surprise	fear	Ale gdy tak mówiła, drwiące jej oczy lśniły tak żywo, że książę nie mógł ich znieść; spojrzał na sufit, co było u niego ostatecznym znakiem krańcowego zakłopotania.
-0.381397	-2.03899	-0.37781	-0.622376	surprise	anticipation	Wielki, choć z całej siły tłumiony gwałt pożądania był w tych prośbach...
-0.358175	-2.03649	-0.338266	-0.610663	surprise	surprise	Czyż pan nie wie, że przynajmniej raz na miesiąc Jagoda podaje się do dymisji.
-0.31625	-2.01475	-0.330215	-0.721085	surprise	disgust	— Wcale nie samotnych.
-0.367187	-1.81847	-0.36886	-0.612348	surprise	joy	— Mój ojcze!
-0.395051	-2.03394	-0.372615	-0.638856	surprise	sadness	Wokulski czuł, że ten mrok, żal i smutek wypływał z jego serca i że to wszystko zakończy się chyba z życiem, jeżeli się zakończy...
-0.365336	-2.00899	-0.352914	-0.570576	surprise	trust	Komu jest dobrze, temu się widzi, że wszystko się dzieje na świecie, jak przynależy, jak Pan Bóg przykazał!
-0.428969	-1.93098	-0.33981	-0.631528	surprise	surprise	W pierwszej chwili sądziłem, że to intryga miłosna.
-0.416024	-2.01935	-0.395887	-0.698115	surprise	anticipation	— spytałem go, kiedyśmy wyszli na ganek, — nie mając już siły powstrzymać tych słów, co od godziny prawie paliły mi wargi.
-0.433413	-2.06466	-0.399497	-0.692366	surprise	anticipation	— Jutro, lub dziś nawet.
-0.410128	-2.07283	-0.362981	-0.670728	surprise	fear	A jak okaże się, że komitet zbyt pośpiesznie wydał rozkaz egzekucji?
-0.383251	-2.02661	-0.418122	-0.628847	surprise	disgust	— Potworny jest — rzekła.
-0.362364	-2.05466	-0.365989	-0.62064	surprise	disgust	Doprawdy, nadto jest pewny siebie.
-0.389302	-2.05558	-0.314951	-0.637154	surprise	sadness	Na mnie spada cała ich złość dlatego, że ja was bronię z narażeniem moich dóbr w Neapolitańskiem, siebie...
-0.43341	-2.06631	-0.377339	-0.658502	surprise	anticipation	Postrzegłszy to, pan Michał pociągnął wszystkich ze sobą do bramy, aby się wjeżdżającym przypatrywać.
-0.40513	-2.02988	-0.388127	-0.636757	surprise	trust	No, a cmentarz! widzicie, że mi nic nie zaszkodził, to i wam przy mnie nicby się nie stało...
-0.36798	-2.00571	-0.427868	-0.562227	surprise	disgust	Jeszcze tak nie jest, ale on z dniem każdym jest tłuściejszy.
-0.403667	-2.04714	-0.391547	-0.642664	surprise	anger	Chce podobać się Solskiemu, a bałamuci innych!
-0.369508	-1.96612	-0.32179	-0.577466	surprise	joy	Jaka ta Laura szczęśliwa ze swoim wiecznym spokojem!
-0.411176	-2.00036	-0.369539	-0.624023	surprise	anticipation	Przez ustalenie jego tożsamości można będzie wykryć, z kim oskarżony miał do czynienia, a także będzie można poznać jego współwinnych.
-0.444035	-2.05755	-0.341029	-0.656765	surprise	sadness	Chybaż on się powiesi — ów Bohun — ale już jemu czarownica przepowiadała, że on tej, o której myśli, nigdy nie dostanie i że Lach ją posiędzie, a ten Lach to pewnie jegomość.
-0.343976	-1.98827	-0.345346	-0.599034	surprise	joy	Za każdym razem, kiedy chodziłem się odlać za te lipy na końcu ogrodu, dusza moja czuła się odświeżona widokiem tych przyjaciół.
-0.426503	-1.97693	-0.321847	-0.644908	surprise	neutral	Rejentka lekko skinęła głową i rzekła do Ajdara:
-0.459616	-1.98074	-0.367022	-0.588504	surprise	neutral	A wtedy ojciec mój powtórzył:
-0.334608	-1.99911	-0.321819	-0.618279	surprise	fear	Suknia, kapelusz, okrywka i parasolka, wszystko musi być nowe, a tu tak niewiele czasu i nie tylko nic nie zamówione, ale nawet nie wybrane!...
-0.403009	-2.0427	-0.423281	-0.697405	surprise	anticipation	— Wiesz, dziecko, że ojciec sam chce mówić z panem...
-0.415624	-1.99858	-0.431147	-0.733875	surprise	anticipation	— Staram się wejść w położenie tego przemysłowca.
-0.439688	-2.0286	-0.409563	-0.667207	surprise	trust	Godzę się z losem.
-0.405053	-1.9207	-0.305746	-0.58451	surprise	anticipation	Gdyby ów młody człowiek zjawił się za naszych szczęśliwych dni, gdyby przyniósł Brygidzie jakiś obojętny list, czyż byłbym nań zwrócił jaką bądź uwagę?
-0.437212	-1.95401	-0.397067	-0.664935	surprise	joy	W tej chwili pani Flora przystąpiła do nich, śmiejąc się na całe swoje puszyste gardziołko.
-0.394862	-2.03785	-0.377088	-0.66991	surprise	anticipation	Uklękła i pociągnęła go, aby uczynił to samo.
-0.40641	-2.0474	-0.387146	-0.69634	surprise	neutral	Zawiadowca, skoro tylko mu tamten zniknął z oczu powrócił do kancelaryi i zajął się załatwianiem urzędowych korespondencyi.
-0.380904	-1.94241	-0.307334	-0.576092	surprise	surprise	Aż się biali królowie sami przestraszyli, że za dużo zabiją.
-0.383827	-2.08282	-0.398532	-0.612671	surprise	anticipation	Ależ on tu nie próżnuje, więc jeszcze idzie naprzód.
-0.37092	-1.99163	-0.384773	-0.611597	surprise	joy	Zdumiony tym niezwykłym objawem uczucia, spojrzał na nią namiętnie; przy śniadaniu wydała mu się bardzo ładna; mimo że miał spuszczone oczy, cały czas rozbierał w myśli jej wdzięki.
-0.421583	-2.0245	-0.419764	-0.68372	surprise	neutral	Podeszła do Morela.
-0.413404	-2.07563	-0.429223	-0.648345	surprise	joy	— Ot, tu jest na to lekarstwo!
-0.433278	-2.04779	-0.365451	-0.616492	surprise	sadness	Petrek głowę spuścił, nie mówił nic.
-0.378983	-1.93281	-0.389478	-0.652991	surprise	anticipation	— Halo, dziewczynko!
-0.359677	-1.97646	-0.296515	-0.640239	surprise	sadness	W izbach, przez które przechodzili, cisza panowała i smutny mrok wieczora je zalegał.
-0.443652	-1.95046	-0.408083	-0.727323	surprise	anticipation	— Panu Braunowi kazałam, by zaraz mi wszystko donosił.
-0.384494	-1.97583	-0.383841	-0.723414	surprise	fear	Strasznie chciało mu się jechać, ale zlazł jak niepyszny i ponieważ mrok już zapadał, poszedł za ogrody odmówić wieczorne pacierze, ale mógł się to zebrać w sobie, kiedy jakaś dzieuszyna piesneczka dzwoniła gdzieś niedaleko i baby rajcowały w jakimś sadzie, że każde słowo leciało po rosie, i wrzeszczały dzieci kąpiące się w stawie, kajś znów śmiechy się zatrzęsły, to ryki krów, to księże perliczki darły się przenikliwie i cała wieś huczała przeróżnymi pogłosami niby ten ul rozbrzęczany, że cięgiem mu się myliło, a gdy nareszcie uchwycił wątek i przyklęknąwszy pod żytem wtopił rozmodlone oczy w to niebo rozgwiażdżone i poniósł duszę kajś w zaświaty, buchnęły od wsi takie przeraźliwe krzyki, lamenta i przeklinania, że poleciał ku domowi wystraszony wielce i niespokojny.
-0.395706	-1.98452	-0.369882	-0.626337	surprise	anger	— zawoła Don Kichot — tu nie czas na żarty, na wszystko jest właściwa pora; teraz nie pora na żarty.
-0.393581	-2.00499	-0.383092	-0.667482	surprise	disgust	Bodajeś nigdy matką nie była!
-0.416174	-2.00598	-0.412717	-0.663976	surprise	anger	Wziął na stronę przyjaciela, i rzekł mu: — Pani Ru ma złe serce!
-0.455141	-2.05246	-0.445964	-0.652549	surprise	anticipation	— Niech pan zaatakuje pierwszy południk.
-0.398282	-2.03549	-0.394587	-0.698898	surprise	fear	Nie mógł mnie przecie nikt zobaczyć w tych łachmanach.
-0.379355	-2.03266	-0.363903	-0.594261	surprise	joy	Mówiła to śpiewnie, z dziwnym upojeniem w głosie, który zdawał się wzbierać i drżeć, jakby chciał więcej powiedzieć, niż te proste słowa wyrażały.
-0.354401	-2.01016	-0.347549	-0.616361	surprise	joy	Cicho, sekretnie pochwalała tę rozpustę nocną, która nareszcie jej duszę uzdrowiła, wyzwoliła, oblała zimną rosą spokoju.
-0.424614	-2.03221	-0.389191	-0.664332	surprise	anger	— A nie obłaskawię, bo i ten będzie jeszcze mój, niech się jeno ciepło zrobi, to już umyśliłem taki sposób na niego, że nie wytrzyma na plebanii, a przyleci!
-0.386084	-2.07763	-0.386829	-0.612802	surprise	fear	Zasypywano pociskami zamek, zasypywano miasto, wszystkie bramy, wszystkie baszty.
-0.421609	-2.03427	-0.376547	-0.673502	surprise	anticipation	— dodał, ja z Neorżą moim powoli sobie radę dam.. jam nie wieczny, ani on...
-0.407485	-2.03659	-0.391734	-0.64189	surprise	fear	— Ja dawniej wiszę — szepnął cicho Andrzej, z jakimś ledwie odczutym akcentem bólu, i twarz mu pobladła, ale oczy natychmiast rozbłysły dawną energją wytrwania i uporu.
-0.380141	-1.9949	-0.355887	-0.592106	surprise	sadness	Ból jego serdeczny coraz bardziej ginął pod uczuciem wstydu, upokorzenia, zranionej miłości własnej.
-0.397573	-2.02519	-0.385511	-0.623422	surprise	sadness	Nie sposób było pisać ni jeść porządnie, słowem sto razy w ciągu dnia brakowało mi tych przedmiotów.
-0.454901	-2.04083	-0.451729	-0.689478	surprise	disgust	— Wracajcie skądeście przyszli.
-0.404761	-2.02596	-0.38581	-0.635907	surprise	sadness	Nie miał nikogo, z kim mógłby, lub chciał podzielić się myślami.
-0.396573	-2.04784	-0.398306	-0.659792	surprise	sadness	Ale zapomniałam o biednych w Sacca!
-0.374699	-2.00555	-0.393961	-0.581738	surprise	joy	O prześlicznie, panie O’Haro!
-0.387488	-2.0336	-0.400045	-0.756365	surprise	surprise	— O!
-0.395386	-2.06681	-0.380623	-0.619074	surprise	surprise	Nagle zadzwoniło, zawirowało.
-0.448235	-2.02865	-0.458803	-0.716907	surprise	surprise	Nie powiadano ci jeszcze?
-0.380152	-1.94428	-0.336654	-0.644606	surprise	fear	Grzmoty zgłuszyły strzelaninę i zataczając się kołem, dudniąc, hucząc, budziły straszne echo w skałach.
-0.403562	-2.04209	-0.419002	-0.625744	surprise	neutral	Toteż wkrótce w wyznaczonym miejscu stanęła walcowata budka, jakby pieprzniczka, nakryta szpiczastym dachem.
-0.375193	-2.02809	-0.387986	-0.635079	surprise	fear	— bełkotał przestraszony, bo Antek puścił kosę i szedł ku niemu blady, ze strasznymi oczami.
-0.397317	-2.07002	-0.413229	-0.677654	surprise	trust	— W jego ręku teraz zbawienie ojczyzny, a że gotów za nią życie oddać, niech mu Bóg błogosławi.
-0.308616	-2.07912	-0.353327	-0.60569	surprise	joy	Radość i zapał błysły w oczach Edmunda i złotnik się oddalił, pozostawiając swego młodego przyjaciela w najrozkoszniejszych oczekiwaniach.
-0.399219	-1.98766	-0.395838	-0.696371	surprise	sadness	Przekazywali sobie osobliwe wieści o pogrzebie wielkiego chana.
-0.393155	-1.97553	-0.342922	-0.657812	surprise	surprise	Ze zdumieniem spostrzegła, że służba zapala nad stołami lampy ze światłem skoncentrowanym.
-0.365872	-1.95005	-0.372682	-0.614008	surprise	joy	— Jesteś dobry i wielki, mój panie — rzekła Hayde, całując dłoń hrabiego — jestem szczęśliwa, że należę do ciebie.
-0.421034	-2.03605	-0.383425	-0.648121	surprise	sadness	— Istny potop — szepnął po chwili, a opierając czoło o szybę, dodał — Ciemno choć oko wykol.
-0.358805	-1.99082	-0.34902	-0.64461	surprise	sadness	Dlatego gdy tamte szczęśliwe... ja umieram z upokorzenia, z tęsknoty, ze wstydu.
-0.440411	-2.00897	-0.392184	-0.682896	surprise	joy	Winszuję panu, panie Murek.
-0.394114	-1.92106	-0.402687	-0.526036	surprise	surprise	Nigdy jeszcze nie widziałam człowieka w takim stanie.
-0.39825	-1.99245	-0.362616	-0.632827	surprise	neutral	Jedno na pierwszym piętrze za sto franków dziennie, drugie na trzecim za dziesięć franków.
-0.40295	-2.04321	-0.414961	-0.667994	surprise	anger	— Od chwili gdy zostałeś panem Egiptu, zbrodniarzami są ci, którzy ośmielają się widywać ciebie i nie zdawać sprawy z tego, o czym raczysz mówić...
-0.387076	-2.04785	-0.368347	-0.695123	surprise	neutral	Sadownik Zajmweł odwiózł do domu zmiętą czerwoną pościel i ostatni wózek zimowych jabłek.
-0.404523	-2.01301	-0.411761	-0.687729	surprise	neutral	Otworzyłem „ Le Figaro ”.
-0.40249	-2.07503	-0.41935	-0.652377	surprise	anticipation	Wyczekawszy jeszcze chwilę, puknął leciuchno w ten sam sposób.
-0.306918	-1.96018	-0.333519	-0.653731	surprise	joy	Dziewczynka też, którą Jan naparł się wziąć od matki, mileńka była, wesoleńka i zawczasu już porządek w chacie robić zaczęła, a i bratowa, choć płocha i w romansach niepowściągniona, dzieci swoje często nawiedzała i jego doglądała, wesołą swoją gadatliwością babską śmiesząc czasem i rozrywając.
-0.372746	-1.92998	-0.386455	-0.687563	surprise	neutral	— pytał karczmarza Zagłoba.
-0.366253	-1.93213	-0.409065	-0.662034	surprise	anger	— Ośle głupi!
-0.403842	-2.01517	-0.392834	-0.698757	surprise	anticipation	— Chciałbym, aby byli przy tym Albert de Morcerf i Raul de Château-Renaud; wiesz pan, że prosiłem ich już na świadków.
-0.426692	-2.01892	-0.385887	-0.592883	surprise	surprise	Gdy Otocki podjechał na Smolną do „ Sygnałów ”, okazało się, że partyjne zebranie jeszcze się nie skończyło.
-0.434098	-2.03714	-0.454832	-0.687484	surprise	anger	— Wykup!
-0.452539	-1.98976	-0.391201	-0.642335	surprise	surprise	Gedymin zwrócił wę nagle ku niemu.
-0.354344	-2.00043	-0.360179	-0.565028	surprise	joy	Młody książę przybywał bardzo wcześnie na miłe wieczory matki, która powtarzała mu ciągle:
-0.355849	-1.99874	-0.327787	-0.61717	surprise	joy	Mimika, gesty, w połączeniu z częstymi zmianami głosu, jakimi Bixiou malował swoje figury, musiały być doskonałe, bo trzej słuchacze wydawali bezwiednie krzyki uznania oraz pomruki radości.
-0.410373	-2.06768	-0.375191	-0.625823	surprise	anger	Nie gadajcie tyle, mówie, za dużo tej gadaniny: dobra kosa dla łąki, dobra bedzie i dla żyta.
-0.41481	-2.01656	-0.395537	-0.670414	surprise	trust	— Zostań pani!... sprawi mi to prawdziwą ulgę pomówić z osobą, obcą jeszcze temu światu kłamstwa i pustoty!
-0.423697	-2.00721	-0.374677	-0.630608	surprise	anger	Ale chyba nie byłbym Rynaldem Montalban, żebym mu tego wszystkiego, mimo jego czarów, drogo nie zapłacił, jak tylko z łoża się zdźwignę.
-0.381674	-2.01628	-0.418086	-0.69196	surprise	trust	Widzisz, że wszystko tak urządziłam, żeby twój portret nie był skończony i żebyś mógł przyjechać do Przytułowa.
-0.370845	-2.02857	-0.385888	-0.646419	surprise	trust	Tak w niej znać było, że ona oddaje mu się z biciem serca, ale zarazem z ufnością, że oddaje mu serce, duszę i całą istotę, całe życie, i to nietylko na dobre, ale na każde chwile życia — i aż do końca życia, że pod tym względem żaden cień nie powstał w umyśle Połanieckiego, a ta pewność uczyniła go w tej chwili lepszym, tkliwszym i wymowniejszym, niż bywał zwykle.
-0.393528	-2.02874	-0.365249	-0.65117	surprise	anger	— Do stu diabłów, są inne środki okazywania miłości, niż Homer.
-0.3877	-2.01358	-0.404552	-0.713303	surprise	surprise	— Oho!
-0.378244	-1.94823	-0.319061	-0.666276	surprise	anticipation	Jednego dnia siostrzenice pani de Montcertin pytały ją, co to jest miłość.
-0.362416	-2.01726	-0.383232	-0.705257	surprise	sadness	Ogólnie wiedziano, że w młodości przeżyła dramat, bo jej narzeczony zginął na froncie w 1920 roku i od tego czasu ani na dzień jeden nie zdjęła po nim żałoby.
-0.422444	-2.04933	-0.409272	-0.693302	surprise	anticipation	Spodziewałam się, że go dostaniemy.
-0.412195	-2.04293	-0.384713	-0.657751	surprise	disgust	Pożyczać u ludzi?
-0.41442	-2.06984	-0.405085	-0.662323	surprise	surprise	— spytał niespodzianie.
-0.414279	-2.021	-0.384036	-0.650644	surprise	disgust	— Nieruchome spojrzenie Ricarda zbiło go z tropu i dodał zmieszanym tonem: — Mówię, że to pospolity, marny złodziej bez żadnego znaczenia.
-0.445682	-2.07495	-0.388643	-0.611369	surprise	fear	Ale jeżeli mimo wszystko nie zdołam zajść do Niego?
-0.404955	-2.04519	-0.385679	-0.674789	surprise	joy	Szwentas ściskał go i całował.
-0.380679	-2.04205	-0.402346	-0.762932	surprise	anger	— Nie.
-0.410118	-2.04973	-0.401535	-0.652701	surprise	anger	Co znowu?
-0.411977	-2.06158	-0.451209	-0.647417	surprise	fear	— A jeśli pomyłką jest to wszystko?
-0.439869	-2.02135	-0.428278	-0.713821	surprise	anger	— Na to się mu podcina skrzydła!
-0.404969	-1.9972	-0.379615	-0.672259	surprise	anger	Ale nie mogąc się ognać zbereźnikom, które jako te wróble obsiadały sztachety, a śmielsze nawet już pod okna się przebierały, to jeno przygrażał księżym cybuchem a wyklinał.
-0.345338	-1.96832	-0.329917	-0.6933	surprise	anticipation	Niebo, które zatrzymało nas tutaj i zesłało niepogodę umyślnie po to, abyś pan usłyszał historię moich amorów, czegóż znów teraz sobie życzy? ”.
-0.400605	-2.02193	-0.428268	-0.680199	surprise	sadness	— Przychodzi do siebie — powiedziałem — ale bardzo osłabiony.
-0.38363	-2.05501	-0.407729	-0.685464	surprise	joy	Spotkali się oczami.
-0.400206	-1.99258	-0.415829	-0.671266	surprise	joy	Nie przeszkodziło to jednak przyjaciołom utrzymywać dalsze serdeczne stosunki.
-0.361164	-1.98994	-0.373189	-0.603092	surprise	surprise	Ja, znając pułkownika, byłam również pewna, że nie zainteresuje go bliżej ta kwestia.
-0.379007	-1.92569	-0.371882	-0.596499	surprise	joy	— Nawrócony!... nawrócony faraon!...
-0.369504	-2.00398	-0.401506	-0.680197	surprise	fear	Emil czuł, że się dusi.
-0.376126	-2.0673	-0.354959	-0.611364	surprise	surprise	Nie wiedzieć dlaczego, to, co innym wydawało się pochlebne i zaszczytne, ją drażniło i obrażało.
-0.403497	-2.00614	-0.413491	-0.539895	surprise	joy	A jakie z niej porządne i uczciwe dziewczynisko!
-0.454155	-2.0219	-0.415456	-0.619668	surprise	surprise	Z trudem mu go wydarliśmy, a gdy ujrzał go w naszych rękach, był zdumiony.
-0.38099	-2.04936	-0.406618	-0.639842	surprise	sadness	Ona chciałaby pozostać przy swojej mamie, ale jakże to uczynić, jeżeli mama tego nie chce?...
-0.384097	-2.03494	-0.393674	-0.683583	surprise	anticipation	— Czekać wystrzału.
-0.433079	-2.04232	-0.420255	-0.676766	surprise	fear	Pełno krwi na was...
-0.445321	-2.00274	-0.331761	-0.690863	surprise	anger	Miłosierny Bóg niechaj uczyni to, aby wrogowie nasi utonęli we własnej krwi z ran, które wy im zadacie! ”
-0.411788	-2.08501	-0.389378	-0.639288	surprise	anger	Nie zawojujecie tych ziem!
-0.410205	-2.04144	-0.453299	-0.712432	surprise	surprise	— Kto taki?
-0.433739	-2.06514	-0.446613	-0.680375	surprise	anticipation	— A tyś co robił, jak go nie było?
-0.420887	-2.0759	-0.431301	-0.659536	surprise	anger	Beetle, bierz go!
-0.411995	-2.06052	-0.450663	-0.675237	surprise	surprise	— Czy nigdy się nie modliłaś w życiu?
-0.388017	-2.0219	-0.416253	-0.780258	surprise	surprise	— Procą?
-0.426075	-2.07045	-0.456717	-0.669514	surprise	surprise	— Ależ nie miałeś strzelby z sobą?
-0.427668	-2.07316	-0.428376	-0.666426	surprise	disgust	— Nie przystoi to mojej czci szlacheckiej.
-0.413601	-2.02357	-0.424846	-0.661074	surprise	joy	Pochwal się, że jesteś.
-0.387064	-2.06917	-0.339927	-0.631748	surprise	anger	Nienawidzę tego okrutnego rygoru i żelaznej logiki tych ludzi, którzy pojedyncze osoby czynią odpowiedzialnymi za losy narodów! ”
-0.416894	-2.0682	-0.40611	-0.671271	surprise	joy	— dokończył powstrzymując śmiech knecht.
-0.37822	-2.05578	-0.391734	-0.650133	surprise	joy	A oni krzyczą: „ Niech żyje ulica, niech żyje Pupek! ”.
-0.317215	-1.92779	-0.293379	-0.591677	surprise	joy	Za piękną Greczynką, która jechała znużona do kąpieli, gryząc w ustach zwiędły kwiatek, biegli konno na desultorskich rumakach, młodzi synowie rycerzy, upojeni wonią, winem i śpiewami, śpiesząc do Ganeów pompejańskich, na miłosne schadzki z ulubienicami...
-0.398964	-2.00766	-0.374066	-0.660002	surprise	anger	Oto sprzykrzyły mi się twoje posądzenia, nie w smak i to, że na mnie ustawnie brwi marszczysz i surowie spoglądasz...
-0.4345	-2.07272	-0.419313	-0.679547	surprise	neutral	— Opisuję ci pusty kraj w Północnej Ameryce, nazywany Parkiem Narodowym.
-0.43101	-2.01682	-0.393108	-0.629494	surprise	joy	Monte Christo uśmiechnął się.
-0.402537	-2.06788	-0.38663	-0.64063	surprise	surprise	Teraz ledwo–ledwo rozumiem, że się to ze mną zdarzyło.
-0.337327	-1.91291	-0.328111	-0.601949	surprise	joy	Wszyscy uniesieni szczytnym krajobrazem byli niezdolni sformułować tych wrażeń, jakich doznawali.
-0.340581	-1.98228	-0.349375	-0.606731	surprise	anger	Ty napchana jesteś trocinami — i może ci z tym dobrze.
-0.37701	-2.03119	-0.406011	-0.777372	surprise	anger	— Nigdy!
-0.431845	-2.07028	-0.410114	-0.637078	surprise	joy	W minutę później ciocia Gabriela była już zdrowa.
-0.332806	-1.92389	-0.291777	-0.653911	surprise	neutral	Na wieżach Panny Marii biły dzwony, napełniając miasto spiżowym dźwiękiem i płosząc stada kawek i gołębi.
-0.415213	-2.03733	-0.399795	-0.575749	surprise	anger	Tu nie o łowach myśleć trzeba!
-0.416696	-2.04858	-0.429576	-0.657373	surprise	anger	— Nie zapomniałam cię, drapichruście!
-0.412521	-2.00236	-0.358067	-0.654663	surprise	surprise	Z kolei Plersch, słuchając, niemal osłupiał.
-0.391887	-2.0164	-0.333344	-0.667819	surprise	joy	Jaka mama będzie szczęśliwa, żeśmy się spotkali! ” Było mi równie pilno dowiedzieć się jej nazwiska, jak jej ujrzeć że się kłaniam wreszcie ze świadomością rzeczy i że jej uśmiech, wytrzymywany bez końca niby nuta gis, może się wreszcie skończyć.
-0.409463	-2.03762	-0.406908	-0.634628	surprise	joy	Rozweseliły mnie nieco dawno znane, rzęsiście oświetlone magazyny i sklepy i z lżejszym już sercem wysiadałem przy Gray’s Inn.
-0.415644	-2.05553	-0.429223	-0.66532	surprise	anticipation	— Jeszcze, jeszcze trochę!
-0.36153	-1.88948	-0.347375	-0.590776	surprise	anger	Głupi człowiecze! głupi!
-0.429819	-2.02984	-0.417	-0.640276	surprise	anticipation	Masz pan dla mnie może trochę złota za moje talary?
-0.420506	-2.06084	-0.374582	-0.647642	surprise	anger	Czy tego nie widzisz?
-0.398338	-2.0168	-0.422496	-0.664715	surprise	surprise	Wówczas pojął, że go oszukano.
-0.391684	-1.9919	-0.404936	-0.693483	surprise	anger	— Powiadam paniczkom, Sodoma, Gomora, a jakże!
-0.314487	-1.94288	-0.313425	-0.622594	surprise	disgust	Twarz jego i broda były bladożółte, a ręce i odzienie zawalane bezecnym plugastwem.
-0.395226	-2.03108	-0.358499	-0.589572	surprise	disgust	Prawdziwe paskudztwo.
-0.433911	-2.0422	-0.443146	-0.708174	surprise	anger	— No bo co?.. zbijesz mnie, wyrzucisz na śmieci, nie dasz jeść?..
-0.407586	-2.02501	-0.37639	-0.703266	surprise	surprise	— Cóż takiego? co? na Boga! podnosząc się z siedzenia odezwała się wylękła Dobkowa.
-0.388037	-2.06511	-0.390119	-0.673321	surprise	surprise	To dziwne, przecież minął już tydzień.
-0.401373	-1.98919	-0.401578	-0.658478	surprise	joy	Z dumą spoglądać nań mogła młoda pani.
-0.374444	-2.02495	-0.409395	-0.777201	surprise	surprise	— Co?
-0.419024	-1.99534	-0.362465	-0.59634	surprise	joy	Delikatny wietrzyk hasał po pokoju.
-0.355216	-1.99249	-0.383314	-0.677121	surprise	surprise	Mój Boże.
-0.387268	-2.07228	-0.382651	-0.678834	surprise	trust	Serce jego szerokie.
-0.427659	-2.02313	-0.399026	-0.650753	surprise	neutral	Wtedy też do izby wsunęła się Franka i, jak widmo cicha, przesunąwszy się pod ścianą, w kącie na ziemi usiadła.
-0.330575	-1.82645	-0.344626	-0.579527	surprise	trust	Ten dobry ojciec Morlon miał wielki wpływ na moją inteligencję; miał Szekspira w przekładzie pana Letourneur; bratanek jego pożyczał dla mnie kolejno wszystkie tomy tego dzieła, obszernego jak dla dziecka, osiemnaście czy dwadzieścia tomów.
-0.415269	-2.02892	-0.391241	-0.672478	surprise	disgust	— Ee... ja by go nie tak zrobił...
-0.360677	-1.99719	-0.356661	-0.582147	surprise	trust	To jest szczera prawda.
-0.443277	-2.02452	-0.479116	-0.732575	surprise	anger	— O co ci tedy chodzi?
-0.346019	-2.0731	-0.432084	-0.669227	surprise	surprise	Lecz ona porwała się z krzesła.
-0.340012	-1.93392	-0.366212	-0.611817	surprise	sadness	Na fotelu, pod którym zaskrzypiała podłoga, siedziała margrabina Crescenzi, której oczy napełnione łzami spotkały się wprost z oczami Fabrycego, również w nielepszym stanie.
-0.408211	-2.00491	-0.384295	-0.638935	surprise	joy	— zawołał Tomek uradowany i pomyślał z niejakim zadowoleniem:
-0.418659	-2.03352	-0.417267	-0.664615	surprise	anticipation	Naprawdę, wielką bym miał ochotę ubrać Formińskiego w kos­tium Iksa, a dla redaktora Panoramy Tygodnia.
-0.389314	-2.03899	-0.401495	-0.676204	surprise	disgust	To wstyd!
-0.411996	-2.0608	-0.413114	-0.654208	surprise	sadness	Dwaj przepadli bez śladu...
-0.390546	-2.00614	-0.405676	-0.569552	surprise	trust	Bóg mu to dał, bo zasłużył; złota była to dusza, wszystkich dobrych ludzi kochał serdecznie, a twarz to miał taką, jak aniołek.
-0.365681	-1.94538	-0.370448	-0.654682	surprise	anticipation	Cyrus Smith i jego towarzysze stali na szczycie góry przez blisko godzinę.
-0.388418	-1.99847	-0.405013	-0.62808	surprise	anger	Zacisnęła ręce.
-0.414322	-2.02884	-0.362981	-0.645816	surprise	joy	Rozbawiona Łucja śmiała się bez przymusu.
-0.394486	-2.06552	-0.366988	-0.647211	surprise	trust	Nie sprzeciwiała się.
-0.372835	-2.0197	-0.355991	-0.600973	surprise	anticipation	Przeciera oczy, poprawia włosy — zaraz do okna.
-0.330733	-2.01191	-0.393693	-0.591717	surprise	fear	Był mężczyzną, a czuł się bezsilnym w obec losu.
-0.417288	-2.00449	-0.413404	-0.691188	surprise	neutral	— odrzekli Kosma i Damian.
-0.444804	-2.06814	-0.408703	-0.669352	surprise	trust	Który chcesz — bierz.
-0.40116	-1.95378	-0.369892	-0.568085	surprise	neutral	Jeden zaprząg na samym końcu orszaku całkiem był nie przysypany.
-0.410421	-2.05391	-0.463833	-0.706999	surprise	surprise	— Znowu waha się pan?
-0.416411	-2.03398	-0.39097	-0.633287	surprise	anticipation	Lecz zanim je opowiem, chciałabym wiedzieć, czy w istocie między nami znajduje się najwspanialszy rycerz Don Kichot z Manchy i najznakomitszy jego giermek, Sancho Pansa?
-0.428284	-2.02784	-0.415688	-0.650822	surprise	trust	Dżek wybrał drogę najwłaściwszą.
-0.432483	-2.04383	-0.409149	-0.633856	surprise	anticipation	Może zapalisz cygaro?
-0.421226	-2.07358	-0.372824	-0.613202	surprise	anticipation	Jakże rozkosznie byłoby usłyszeć wyznanie jego prawdziwych uczuć!
-0.461072	-2.04181	-0.422624	-0.691128	surprise	anger	— Krew cię ujdzie!
-0.412631	-2.04135	-0.400535	-0.663051	surprise	joy	— To, to, mój oficerze!
-0.328642	-1.98881	-0.326312	-0.604752	surprise	anger	Nie każdy ma czarnych niewolników, książęce galerie, broń damasceńską, konie po sześć tysięcy franków, grecką kochankę!
-0.393652	-1.99658	-0.409886	-0.642695	surprise	trust	— To jest wielki przyjaciel Andrzeja i prawie nasz domownik.
-0.350846	-2.03097	-0.350063	-0.613305	surprise	trust	Od razu i niezłomnie uwierzyła w miłą sobie wiadomość, przyjęła ją nawet bez zdziwienia, jak coś, czego spodziewała się zawsze i co koniecznie stać się musiało.
-0.400152	-2.03402	-0.351107	-0.65011	surprise	surprise	Przecież bardzo długo mnie nie widziała.
-0.413177	-2.01606	-0.448618	-0.727076	surprise	surprise	— Dziwi się pani?
-0.355727	-2.02997	-0.336909	-0.579321	surprise	sadness	Dwa dni zimno trzęsie, kości bolą, że jęczysz, w głowie szumi, a kaszel, zdaje się, piersi rozrywa.
-0.438422	-2.04828	-0.443961	-0.693081	surprise	surprise	— A ty tu znowu, Brühl?
-0.378418	-2.02123	-0.349217	-0.647791	surprise	surprise	Młodzieniec stał zadumany u drzwi, gdy poczuł że go ktoś zlekka za suknię pociąga i odwróciwszy się ujrzał O. Maura, który z chóru go zobaczywszy, przybył powitać.
-0.392127	-2.04787	-0.391237	-0.744905	surprise	neutral	— rzekła.
-0.460452	-2.06061	-0.451909	-0.717241	surprise	anticipation	— A zwleczesz się?
-0.382349	-1.8869	-0.243	-0.605131	surprise	neutral	De Polewkarum usu et honestate łykandi per Silvestrem Prieratem, Jacobinum.
-0.447198	-2.04027	-0.412106	-0.700552	surprise	trust	— Bógże ci zapłać, bo mi będzie starość lżejsza.
-0.355445	-1.92891	-0.329355	-0.680665	surprise	surprise	Kapitanowie, którzy wysiedli później na ląd, opowiadali o dziwacznej wyprawie nieznajomych i wypytywali, kim są ci dwaj antypatyczni wariaci, rozbijający się w szalupie za jakimś mężczyzną i jakąś kobietą i rozpowiadający historię, z której nic nie można było wyrozumieć.
-0.40191	-1.94341	-0.291474	-0.674718	surprise	joy	W pobliskim kościele klasztornym podziwiał na obrazach i relikwiarzach owe przecudne skamieniałe światła i pragnął bardzo w duszy, by doń przemówiły i wyznały mu tajnię swego pochodzenia.
-0.397964	-2.05231	-0.397036	-0.585898	surprise	fear	Następnie były tam i wizyty mniej przyjemne, rozeszła się bowiem wieść kilkakrotnie, że chciano kardynała zamordować.
-0.366331	-2.04326	-0.395953	-0.779511	surprise	anticipation	— Dlaczego?
-0.390531	-2.01889	-0.370846	-0.685469	surprise	sadness	Szedłem w owe straszliwe upały szukać cienia i trochę chłodu pod wielkimi kasztanami w Tuileriach. „ Skoro nie mogę zapomnieć, czy nie lepiej byłoby zabić się? ” — powiadałem sobie.
-0.35081	-2.00732	-0.344109	-0.634601	surprise	neutral	Do obiadu siadało osiemnaście osób, a w razie potrzeby i dwadzieścia mogłoby się pomieścić w sali jadalnej; ale z rana tylko siedmiu stałych mieszkańców schodziło się na śniadanie i wtedy można by pomyśleć, że to kółko rodzinne zasiada przy stole.
-0.407069	-2.05119	-0.383111	-0.626123	surprise	sadness	O je! jak boli!
-0.356704	-1.99753	-0.359012	-0.640941	surprise	neutral	Przed każdą stała miseczka z jarzynami, czarka z wodą, a obok leżała kromka chleba.
-0.406076	-2.05036	-0.364931	-0.642678	surprise	sadness	I wyrzekłszy się Marji, czuł taki żal, taką rozpacz po niej, że wracał jeszcze, mówił znowu — kocham Marję.
-0.409193	-2.03164	-0.397348	-0.623818	surprise	anger	Jać wam służę... a chcecie zbyć mnie psim swędem... niedoczekanie!
-0.43608	-2.01188	-0.410889	-0.676011	surprise	trust	— W domu ci je pokażę, kobieto — odpowie Sancho — trochę cierpliwości miej teraz, a za Bożą pomocą mam nadzieję, że ruszymy jeszcze raz na wyprawę i jak wrócę, zobaczysz mnie hrabią albo władcą wyspy, ale to wyspy co się nazywa, wyspy porządnej, lądowej, nie takiej tam, co to tuzinami po morzu się walają.
-0.393272	-1.95608	-0.371082	-0.647189	surprise	joy	Przed jakimś Teniersem przywdziewał kaftan żołnierski lub siermięgę robotnika; pragnął nosić brudną i zadymioną czapkę Flamandów, zapijał się piwem, grał z nimi w karty i uśmiechał się do tęgiej wieśniaczki o soczystych kształtach.
-0.373349	-2.05554	-0.324426	-0.620993	surprise	anticipation	Przez cały obiad prawie się nie odzywał, tylko z chciwością chwytał ich spojrzenia i słowa, śledził uśmiechy, słuchał ze skupieniem, ale nie mógł złapać nic podejrzanego, bo w ich zachowaniu się była tylko wielka przyjacielska zażyłość, pełna szacunku i życzliwości.
-0.39764	-2.03035	-0.419708	-0.764307	surprise	surprise	— Doprawdy?
-0.369988	-2.01099	-0.341712	-0.651545	surprise	sadness	Stał nad rynsztokiem i zalewał się łzami, bo jakieś auto ochlapało go błotem.
-0.386088	-1.96757	-0.338915	-0.589939	surprise	neutral	Potem wędrowcy musieli piąć się stromą percią, zawianą śniegiem, biegnącą po upłazie Snipy, a dopiero poza tym rozpoczynała się jaka taka droga.
-0.374707	-2.05157	-0.39985	-0.615137	surprise	anger	Więc jest źle!
-0.40253	-2.054	-0.434744	-0.657143	surprise	neutral	Przyjeżdżał do niego w odwiedziny każdego lata.
-0.434244	-2.02774	-0.420574	-0.721195	surprise	surprise	— Kto to?...
-0.401535	-2.00955	-0.44749	-0.681	surprise	anticipation	— pytał dalej Kmicic.
-0.435095	-2.00776	-0.412128	-0.656421	surprise	neutral	Grzegorz podszedł do króla.
-0.436692	-1.99779	-0.39797	-0.629162	surprise	surprise	A ten malec czego się tu plącze?
-0.431732	-2.02415	-0.41808	-0.654293	surprise	trust	— Przyjedź znowu do nas niezadługo, Jakubie — rzekł leśniczy, ściskając mu serdecznie rękę — do nas, mówię, to znaczy i do mnie także.
-0.392543	-2.0166	-0.378188	-0.676157	surprise	surprise	„ Do licha, czyżbym ją obraził?...
-0.432985	-2.00082	-0.403023	-0.660843	surprise	surprise	— Cóż ja robię?...
-0.329103	-1.98503	-0.350487	-0.586959	surprise	disgust	Szczególną antypatią, nienawiścią, odrazą, wzgardą i drwinami Lulek darzył miejscową organizację socjalistyczną z odcieniem narodowym.
-0.391875	-2.07864	-0.389961	-0.642651	surprise	joy	Nie zapomnę nigdy wrażenia pierwszej pod gołym niebem spędzonej nocy.
-0.372538	-2.00942	-0.389773	-0.686362	surprise	surprise	— Na Boga!
-0.415151	-2.05149	-0.419218	-0.657278	surprise	joy	Uśmiechnął się i dodał:
-0.417734	-2.05657	-0.426124	-0.659707	surprise	anticipation	Co on ci mówił?
-0.327202	-1.94509	-0.31759	-0.627361	surprise	sadness	Było to posępne i tragiczne, i prawdziwe!
-0.386865	-1.97208	-0.326403	-0.633388	surprise	neutral	Na zasłonie była wyhaftowana złotem skrzydlata kula z dwoma wężami.
-0.371861	-2.02775	-0.408237	-0.629389	surprise	neutral	Takich jest miliony.
-0.426154	-2.04879	-0.40671	-0.672084	surprise	surprise	— Powinno się okazać polepszenie; co by to była za chorość?
-0.309629	-1.97275	-0.378305	-0.565879	surprise	neutral	Bardzo charakterystyczne, na wskroś typowe.
-0.38299	-2.02181	-0.38773	-0.67126	surprise	sadness	Szkoda, że mojej żony niema...
-0.444664	-2.00059	-0.375441	-0.636624	surprise	anger	— Tylko buntownicy nie spełnią rozkazów faraona — odparł Ramzes.
-0.384001	-1.97884	-0.420125	-0.718643	surprise	joy	— Dzięki Bogu.
-0.421849	-2.06111	-0.375019	-0.666084	surprise	anger	— I obu was się nie zlęknę! zaryczał Arnulf zrywając się z ławy.
-0.369315	-2.02469	-0.345667	-0.58869	surprise	sadness	Nieszczęśliwi mają pewne prawa... a ja, panie szanowny, jestem bardzo nieszczęśliwa.
-0.385764	-2.06362	-0.367027	-0.642316	surprise	joy	I ją poniesły radoście, że pobiegła naprzeciw i prawie pierwsza chłopów dopadła, a nikto do niej nie wyskoczył, nikto nie przytulił i nie całował.
-0.416251	-2.02359	-0.418001	-0.648222	surprise	surprise	Wszedł jako czwarty dependent do Derville’a, a był już drugim dependentem w 1819!
-0.39208	-1.94325	-0.345844	-0.657484	surprise	joy	Na trzecim piętrze zapukał do drzwi, przez które dolatywał wesoły śmiech i krzyki dzieci.
-0.367049	-1.94622	-0.326224	-0.581646	surprise	disgust	Mędrzec dążący do władzy winien snobizm ( w języku polskim kołtunizm, czyli kołtuństwo ) uczynić najistotniejszą częścią swego „ programu ”, dać kołtuństwu możność rozkwitu, nazwać kołtun najpiękniejszymi naukowymi nazwami i popierać go entuzjastycznie.
-0.403945	-2.04073	-0.363878	-0.625195	surprise	joy	— zawołał ten ostatni, pozwalając ocałowywać sobie policzki — twoja wieczerza, mój bracie, jest pyszną rzeczą na dzisiejszą zawieruchę!
-0.448933	-2.10057	-0.422976	-0.637826	surprise	surprise	— Więc to wszystko prawda — wyrzekła.
-0.435763	-2.07846	-0.419094	-0.657454	surprise	anger	— Czy mi nawet tego robić nie wolno!
-0.384823	-2.07027	-0.376197	-0.635387	surprise	sadness	Porozstawiane naczynia od herbaty i ciastka, dalej owa maszynka — wszystko zaczęło drobiazgami okrutnymi ranić jej serce.
-0.454141	-2.01294	-0.475621	-0.640938	surprise	surprise	A cóż się z nią stało?
-0.384093	-2.02528	-0.375118	-0.658939	surprise	surprise	Zdaje mi się, że oczy jéj w mgnieniu oka kilka razy zmieniły kolor: były i piwne, i ciemno-zielone, i czarne jak węgiel.
-0.344885	-1.98791	-0.301992	-0.664956	surprise	sadness	Jakkolwiek stłumione, płacz i jęki musiały znać dojść do uszu matki, która od drugiego pokoju drzwi uchyliła, naprzód powoli, a potem rzuciwszy niemi, nie patrząc na króla, do córki przypadła, tuląc ją ku sobie.
-0.400729	-2.06206	-0.377685	-0.639961	surprise	surprise	Jeszcze ci nie dosyć?
-0.421177	-2.04194	-0.421178	-0.673549	surprise	surprise	— Borynowy to dom, Macieja Boryny?
-0.404182	-1.96607	-0.353246	-0.544966	surprise	trust	Niech was Bóg prowadzi i odprowadza.
-0.456472	-2.04051	-0.45076	-0.651645	surprise	anger	— Wytłumacz to wyborcom!
-0.386209	-2.00779	-0.387784	-0.679621	surprise	trust	— Bądź pani spokojna — rzecze Don Kichot — nie powiem nic już więcej i nie wmieszam się do niczego, dopóki nie dopełnię swojej obietnicy.
-0.396431	-1.98171	-0.414739	-0.659111	surprise	joy	— Niech żyje Carlini!
-0.423992	-2.02264	-0.438852	-0.682894	surprise	surprise	— Co znaczy za kim?
-0.346525	-2.00318	-0.325715	-0.663108	surprise	disgust	Hoyma oburzała i treść jéj słów, a nadewszystko zimna krew, obojętność z jaką je wymawiała.
-0.401891	-2.04592	-0.372614	-0.630822	surprise	surprise	A o ilu ja rzeczach nie myślałem przed chwilą i o ilu nie myślę?
-0.421229	-2.0248	-0.36283	-0.657455	surprise	sadness	Zdało mi się, że nie mam co robić między nimi, biedny prostak, i już nawet nie patrząc na nich, chcę ich minąć i iść dalej w las, kiedy słyszę, jak jeden z nich woła:
-0.40883	-1.98125	-0.435075	-0.691888	surprise	neutral	Przede wszystkim zrobiłem sobie stożkowate nakrycie głowy z długowłosej skóry lamy, nie przepuszczającej deszczu.
-0.333657	-1.98222	-0.333032	-0.680136	surprise	neutral	Gospoda na gościńcu pod lasem stała w miejscu kędy przejazd był znaczny do Poznania.
-0.360145	-2.06512	-0.385255	-0.65165	surprise	disgust	Brwi zrośnięte nad nosem oszpeconym ospą.
-0.400207	-2.01389	-0.392491	-0.630802	surprise	joy	Komendant roześmiał się.
-0.390828	-2.04247	-0.394016	-0.748884	surprise	neutral	— spytał.
-0.404853	-1.94522	-0.37047	-0.618923	surprise	surprise	Nagle wśród chwilowej ciszy zza drzwi gabinetu doleciał podniesiony głos Dyzmy:
-0.418581	-2.03223	-0.394748	-0.646515	surprise	trust	Dyzma przyznał pułkownikowi rację.
-0.401343	-2.0307	-0.343731	-0.652376	surprise	surprise	Przy samej bramie Agnieszka spostrzegła, że zostawiła u doktora koszyczek od roboty.
-0.42112	-2.04663	-0.394804	-0.664168	surprise	neutral	Szczur zarzucił lejce na grzbiet konia, związał je i ujął szkapę przy pysku.
-0.434198	-2.06034	-0.445658	-0.683571	surprise	sadness	— Straciłem tam syna...
-0.391077	-2.04884	-0.44927	-0.659933	surprise	joy	Rad był z wyjazdu Kmicica.
-0.398654	-1.97912	-0.353607	-0.577541	surprise	neutral	Takich generałów miała Austria bardzo wielu.
-0.417303	-2.05744	-0.414958	-0.704037	surprise	anger	Mów!
-0.436555	-2.0577	-0.425177	-0.650149	surprise	surprise	— Nie skarżę się na was, broń Boże!
-0.39162	-2.01804	-0.394762	-0.625371	surprise	surprise	Dla niego było to coś niepojętego, co go więcej dziwiło niż nęciło — studyum teratologiczne.
-0.410626	-2.05025	-0.393717	-0.699474	surprise	joy	Ho, ho, idźże do Poświcia, i szczęść ci, Boże!
-0.40587	-1.92765	-0.367897	-0.619586	surprise	neutral	„ Kopernik ”.
-0.408552	-1.91142	-0.393204	-0.637151	surprise	neutral	— myślał Winicjusz.
-0.422349	-2.02489	-0.383353	-0.681643	surprise	surprise	Instynktowi życia samego już nieufny?
-0.353249	-2.0065	-0.334016	-0.652064	surprise	joy	Pomimo całej biedy, jaka nawiedziła dżunglę, zwierzęta — nie wyłączając Hathiego — nie mogły powstrzymać się od rzęsistego śmiechu, posłyszawszy te słowa.
-0.445728	-2.04336	-0.479075	-0.731424	surprise	surprise	— Za co mieliby nas upominać?
-0.403311	-2.05623	-0.385322	-0.645553	surprise	neutral	Na nogach ciżemki żółte.
-0.378563	-2.00363	-0.452541	-0.620029	surprise	anger	— Ty głupi jesteś!
-0.360163	-2.01122	-0.383279	-0.748761	surprise	neutral	—
-0.391393	-2.05781	-0.386576	-0.614056	surprise	neutral	Własne to twoje oblicze na chropowatym i niedoskonałym zwierciadle.
-0.364329	-1.94528	-0.300975	-0.69856	surprise	neutral	﻿Pewnej nocy, patrolując po mieście, schwytałem młodą panienkę nadzwyczaj piękną, przebraną za chłopca i jej brata, przebranego za dziewczynę.
MCosD: 0.9777046069254428
MAE: 2.3059064821969426
RMSE: 2.3699406293780156
PREC: 0.18387909319899245
RECALL: 0.18387909319899245
FSCORE: 0.18387909319899245
ACC: 0.18387909319899245
